UID,From Bus,To Bus,R,X,B,Cont Rating,LTE Rating,STE Rating,Tr Ratio,Carrier,s_max_pu,capital_cost,length,num_parallel,sub_network,v_nom,i_nom,loss_rate
0,AL1 0,GR1 0,,0.00287,,1698.1026117405274,1698.1026117405274,1698.1026117405274,1.0,AC,0.7,26453.519801370956,379.22342513667166,1.0000000000000002,0,380.0,2.58,
1,AL1 0,ME1 0,,0.00287,,2189.658630928575,2189.658630928575,2189.658630928575,1.0,AC,0.7,10399.940488134715,149.0879505918756,1.2894736842105265,0,380.0,2.58,
10,AT1 0,SI1 0,,0.00287,,3887.761242669102,3887.761242669102,3887.761242669102,1.0,AC,0.7,12536.622908460418,179.7182800130377,2.2894736842105265,0,380.0,2.58,
11,BA1 0,HR1 0,,0.00287,,6837.097357797387,6837.097357797387,6837.097357797387,1.0,AC,0.6999999999999998,11950.208173545612,171.31175392521322,4.026315789473685,0,380.0,2.58,
12,BA1 0,ME1 0,,0.00287,,2681.214650116622,2681.214650116622,2681.214650116622,1.0,AC,0.7,9694.857592031864,138.98026160103097,1.5789473684210529,0,380.0,2.58,
13,BA1 0,RS1 0,,0.00287,,2189.658630928575,2189.658630928575,2189.658630928575,1.0,AC,0.7,14677.341248022587,210.40646620063086,1.2894736842105265,0,380.0,2.58,
14,BE1 0,FR1 0,,0.00287,,983.1120383760948,983.1120383760948,983.1120383760948,1.0,AC,0.7,21643.217044647856,310.26551325780065,0.5789473684210527,0,380.0,2.58,
15,BE1 0,FR1 4,,0.00287,,6077.419873597677,6077.419873597677,6077.419873597677,1.0,AC,0.7,16187.38713422549,232.05367146401994,3.578947368421053,0,380.0,2.58,
16,BE1 0,LU1 0,,0.00287,,983.1120383760948,983.1120383760948,983.1120383760948,1.0,AC,0.7,11614.163494288263,166.49439823025116,0.5789473684210527,0,380.0,2.58,
17,BE1 0,NL1 0,,0.00287,,7775.522485338204,7775.522485338204,7775.522485338204,1.0,AC,0.7,12557.485222546875,180.0173509216936,4.578947368421053,0,380.0,2.58,
18,BG1 0,GR1 0,,0.00287,,1698.1026117405274,1698.1026117405274,1698.1026117405274,1.0,AC,0.7,32644.80026092029,467.97829025410556,1.0000000000000002,0,380.0,2.58,
19,BG1 0,MK1 0,,0.00287,,1698.1026117405274,1698.1026117405274,1698.1026117405274,1.0,AC,0.7,21195.169773298057,303.8425486716058,1.0000000000000002,0,380.0,2.58,
2,AL1 0,MK1 0,,0.00287,,1698.1026117405274,1698.1026117405274,1698.1026117405274,1.0,AC,0.7,9802.289397970746,140.520346161523,1.0000000000000002,0,380.0,2.58,
20,BG1 0,RO1 0,,0.00287,,6792.41044696211,6792.41044696211,6792.41044696211,1.0,AC,0.7,21329.529544565015,305.76865805300446,4.000000000000001,0,380.0,2.58,
21,BG1 0,RS1 0,,0.00287,,1698.1026117405274,1698.1026117405274,1698.1026117405274,1.0,AC,0.7,27040.030211320467,387.6313227703106,1.0000000000000002,0,380.0,2.58,
22,CH1 0,DE1 4,,0.00287,,28152.753826224533,28152.753826224533,28152.753826224533,1.0,AC,0.7000000000000001,16080.533647354072,230.52187737448352,16.578947368421055,0,380.0,2.58,
23,CH1 0,FR1 0,,0.00287,,4379.31726185715,4379.31726185715,4379.31726185715,1.0,AC,0.7,14918.016994706297,213.85666419658872,2.578947368421053,0,380.0,2.58,
24,CH1 0,FR1 2,,0.00287,,8758.6345237143,8758.6345237143,8758.6345237143,1.0,AC,0.7,23472.155860571038,336.4841959642076,5.157894736842106,0,380.0,2.58,
25,CH1 0,IT1 0,,0.00287,,10948.293154642874,10948.293154642874,10948.293154642874,1.0,AC,0.7,17726.580193638594,254.11871491835,6.447368421052633,0,380.0,2.58,
26,CZ1 0,DE1 1,,0.00287,,3396.205223481055,3396.205223481055,3396.205223481055,1.0,AC,0.7,19867.196815449355,284.80544293499366,2.0000000000000004,0,380.0,2.58,
27,CZ1 0,DE1 3,,0.00287,,3396.205223481055,3396.205223481055,3396.205223481055,1.0,AC,0.7,21965.526249028095,314.88596457603376,2.0000000000000004,0,380.0,2.58,
28,CZ1 0,PL1 0,,0.00287,,4379.31726185715,4379.31726185715,4379.31726185715,1.0,AC,0.7,23191.251754384284,332.4573058534415,2.578947368421053,0,380.0,2.58,
29,CZ1 0,SK1 0,,0.00287,,6077.419873597678,6077.419873597678,6077.419873597678,1.0,AC,0.6999999999999998,21183.356644377785,303.6732020120927,3.578947368421053,0,380.0,2.58,
3,AL1 0,XK1 0,,0.00287,,2189.658630928575,2189.658630928575,2189.658630928575,1.0,AC,0.7,9454.914425665596,135.5405654822998,1.2894736842105265,0,380.0,2.58,
30,DE1 0,DE1 2,,0.00287,,3396.205223481055,3396.205223481055,3396.205223481055,1.0,AC,0.7,21156.224845793582,303.28425514730964,2.0000000000000004,0,380.0,2.58,
31,DE1 0,DE1 3,,0.00287,,8758.6345237143,8758.6345237143,8758.6345237143,1.0,AC,0.7,17226.555117806784,246.95062449654776,5.157894736842106,0,380.0,2.58,
32,DE1 0,DE1 5,,0.00287,,16981.026117405276,16981.026117405276,16981.026117405276,1.0,AC,0.7,15890.89039391009,227.80325374083907,10.000000000000002,0,380.0,2.58,
33,DE1 0,DK1 0,,0.00287,,4379.31726185715,4379.31726185715,4379.31726185715,1.0,AC,0.7,21433.259403516364,307.2556734935144,2.578947368421053,0,380.0,2.58,
34,DE1 1,DE1 3,,0.00287,,15282.923505664747,15282.923505664747,15282.923505664747,1.0,AC,0.7,26974.115231388016,386.6864010870908,9.000000000000002,0,380.0,2.58,
35,DE1 1,DE1 4,,0.00287,,17249.147582416936,17249.147582416936,17249.147582416936,1.0,AC,0.7,12798.26581461031,183.46905192459755,10.157894736842106,0,380.0,2.58,
36,DE1 2,DE1 4,,0.00287,,8490.513058702638,8490.513058702638,8490.513058702638,1.0,AC,0.7,19918.33142212255,285.53848114054165,5.000000000000001,0,380.0,2.58,
37,DE1 2,DE1 5,,0.00287,,31817.08051471725,31817.08051471725,31817.08051471725,1.0,AC,0.7,8056.821895648227,115.49826329067595,18.73684210526316,0,380.0,2.58,
38,DE1 2,FR1 0,,0.00287,,3887.761242669102,3887.761242669102,3887.761242669102,1.0,AC,0.7,21759.625120440345,311.9342767927504,2.2894736842105265,0,380.0,2.58,
39,DE1 2,LU1 0,,0.00287,,4424.004172692426,4424.004172692426,4424.004172692426,1.0,AC,0.7,11499.59521489725,164.85200902651187,2.605263157894737,0,380.0,2.58,
4,AT1 0,CH1 0,,0.00287,,6792.41044696211,6792.41044696211,6792.41044696211,1.0,AC,0.7,29699.11595317767,425.7505451018098,4.000000000000001,0,380.0,2.58,
40,DE1 2,NL1 0,,0.00287,,13584.82089392422,13584.82089392422,13584.82089392422,1.0,AC,0.7,12554.007740341549,179.96749960804397,8.000000000000002,0,380.0,2.58,
41,DE1 3,DE1 5,,0.00287,,3396.205223481055,3396.205223481055,3396.205223481055,1.0,AC,0.7,23054.56941322331,330.4979013598256,2.0000000000000004,0,380.0,2.58,
42,DE1 3,PL1 0,,0.00287,,6792.41044696211,6792.41044696211,6792.41044696211,1.0,AC,0.7,29107.488620051543,417.26929401094606,4.000000000000001,0,380.0,2.58,
43,DE1 4,DE1 5,,0.00287,,14836.054397311977,14836.054397311977,14836.054397311977,1.0,AC,0.7,18969.273994369818,271.9333045475524,8.73684210526316,0,380.0,2.58,
44,DE1 4,FR1 0,,0.00287,,5585.86385440963,5585.86385440963,5585.86385440963,1.0,AC,0.7,14449.346824956943,207.1380608361949,3.289473684210527,0,380.0,2.58,
45,DK2 0,SE2 0,,0.00287,,3396.205223481055,3396.205223481055,3396.205223481055,1.0,AC,0.7,47661.66057609421,683.2519191049657,2.0000000000000004,1,380.0,2.58,
46,EE7 0,LV7 0,,0.00287,,3016.3664813811993,3016.3664813811993,3016.3664813811993,1.0,AC,0.7,18829.5777990929,269.9306950630962,1.776315789473684,2,380.0,2.58,
47,ES1 0,FR1 1,,0.00287,,4379.31726185715,4379.31726185715,4379.31726185715,1.0,AC,0.7,39833.17612269333,571.0269785171347,2.578947368421053,0,380.0,2.58,
48,ES1 0,PT1 0,,0.00287,,17025.713028240552,17025.713028240552,17025.713028240552,1.0,AC,0.7,28663.622918644727,410.90627416133566,10.026315789473685,0,380.0,2.58,
49,FI2 0,NO2 0,,0.00287,,491.5560191880474,491.5560191880474,491.5560191880474,1.0,AC,0.7,61064.34759232345,875.3856281347125,0.2894736842105263,1,380.0,2.58,
5,AT1 0,CZ1 0,,0.00287,,4379.31726185715,4379.31726185715,4379.31726185715,1.0,AC,0.7,19095.261452059065,273.73939294667355,2.578947368421053,0,380.0,2.58,
50,FI2 0,SE2 0,,0.00287,,3396.205223481055,3396.205223481055,3396.205223481055,1.0,AC,0.7,34954.17518936977,501.0842465452598,2.0000000000000004,1,380.0,2.58,
51,FR1 0,FR1 2,,0.00287,,14344.498378123928,14344.498378123928,14344.498378123928,1.0,AC,0.7000000000000001,28300.44178204631,405.699904816159,8.447368421052634,0,380.0,2.58,
52,FR1 0,FR1 4,,0.00287,,18723.815639981076,18723.815639981076,18723.815639981076,1.0,AC,0.7000000000000001,20591.439243446777,295.1877926652646,11.026315789473687,0,380.0,2.58,
53,FR1 0,LU1 0,,0.00287,,491.5560191880474,491.5560191880474,491.5560191880474,1.0,AC,0.7,10936.146819891681,156.7747160293547,0.2894736842105263,0,380.0,2.58,
54,FR1 1,FR1 2,,0.00287,,7328.653376985434,7328.653376985434,7328.653376985434,1.0,AC,0.7,23755.23529779407,340.54227045015625,4.315789473684211,0,380.0,2.58,
55,FR1 1,FR1 3,,0.00287,,6837.097357797386,6837.097357797386,6837.097357797386,1.0,AC,0.7,27217.547649725406,390.17611724450074,4.026315789473685,0,380.0,2.58,
56,FR1 1,FR1 4,,0.00287,,6568.975892785725,6568.975892785725,6568.975892785725,1.0,AC,0.7,36318.85905349342,520.6476200799565,3.8684210526315796,0,380.0,2.58,
57,FR1 2,FR1 4,,0.00287,,6792.41044696211,6792.41044696211,6792.41044696211,1.0,AC,0.7,37323.25430453699,535.0460899301581,4.000000000000001,0,380.0,2.58,
58,FR1 2,IT1 0,,0.00287,,5585.86385440963,5585.86385440963,5585.86385440963,1.0,AC,0.7,28680.381372746397,411.1465143415518,3.2894736842105265,0,380.0,2.58,
59,FR1 3,FR1 4,,0.00287,,9250.190542902346,9250.190542902346,9250.190542902346,1.0,AC,0.7,23217.430031511743,332.8325835477141,5.447368421052633,0,380.0,2.58,
6,AT1 0,DE1 1,,0.00287,,5853.985319421292,5853.985319421292,5853.985319421292,1.0,AC,0.7,15943.52728764611,228.55782792533353,3.447368421052632,0,380.0,2.58,
60,GB0 0,GB0 1,,0.00287,,31191.46376302337,31191.46376302337,31191.46376302337,1.0,AC,0.7,24366.059675853823,349.29872004718834,18.368421052631582,5,380.0,2.58,
61,GB6 0,IE6 0,,0.00287,,983.1120383760948,983.1120383760948,983.1120383760948,1.0,AC,0.7,16113.814154190368,230.99896881212615,0.5789473684210527,6,380.0,2.58,
62,GR1 0,MK1 0,,0.00287,,3396.205223481055,3396.205223481055,3396.205223481055,1.0,AC,0.7,21511.47981714575,308.3769992526146,2.0000000000000004,0,380.0,2.58,
63,HR1 0,HU1 0,,0.00287,,6792.41044696211,6792.41044696211,6792.41044696211,1.0,AC,0.7,24738.532474891825,354.63828966522135,4.000000000000001,0,380.0,2.58,
64,HR1 0,RS1 0,,0.00287,,1698.1026117405274,1698.1026117405274,1698.1026117405274,1.0,AC,0.7,22972.888858852246,329.3269728849671,1.0000000000000002,0,380.0,2.58,
65,HR1 0,SI1 0,,0.00287,,6077.419873597677,6077.419873597677,6077.419873597677,1.0,AC,0.7,13691.13094504637,196.26868598053576,3.578947368421053,0,380.0,2.58,
66,HU1 0,RO1 0,,0.00287,,5094.3078352215825,5094.3078352215825,5094.3078352215825,1.0,AC,0.7,33628.83135529501,482.0848305123298,3.000000000000001,0,380.0,2.58,
67,HU1 0,RS1 0,,0.00287,,1698.1026117405274,1698.1026117405274,1698.1026117405274,1.0,AC,0.7,23218.320147870527,332.84534377685867,1.0000000000000002,0,380.0,2.58,
68,HU1 0,SK1 0,,0.00287,,3396.205223481055,3396.205223481055,3396.205223481055,1.0,AC,0.7,10508.892972585154,150.64983478122662,2.0000000000000004,0,380.0,2.58,
69,IT1 0,IT1 1,,0.00287,,16042.600989864455,16042.600989864455,16042.600989864455,1.0,AC,0.7000000000000001,43890.94070224383,629.1969080316056,9.447368421052634,0,380.0,2.58,
7,AT1 0,DE1 4,,0.00287,,10188.615670443165,10188.615670443165,10188.615670443165,1.0,AC,0.7,26325.765978081494,377.39201507079366,6.000000000000002,0,380.0,2.58,
70,IT1 0,SI1 0,,0.00287,,2189.658630928575,2189.658630928575,2189.658630928575,1.0,AC,0.7,25619.15283166325,367.26238923486085,1.2894736842105265,0,380.0,2.58,
71,LT7 0,LV7 0,,0.00287,,4021.8219751749325,4021.8219751749325,4021.8219751749325,1.0,AC,0.7,13376.513913295103,191.75850550992539,2.3684210526315788,2,380.0,2.58,
72,ME1 0,RS1 0,,0.00287,,983.1120383760948,983.1120383760948,983.1120383760948,1.0,AC,0.7,15197.392059681051,217.8616347953223,0.5789473684210527,0,380.0,2.58,
73,ME1 0,XK1 0,,0.00287,,1698.1026117405274,1698.1026117405274,1698.1026117405274,1.0,AC,0.7,10129.37264095473,145.20923552825175,1.0000000000000002,0,380.0,2.58,
74,MK1 0,RS1 0,,0.00287,,1698.1026117405274,1698.1026117405274,1698.1026117405274,1.0,AC,0.7,23008.178999762757,329.8328733553063,1.0000000000000002,0,380.0,2.58,
75,MK1 0,XK1 0,,0.00287,,1698.1026117405274,1698.1026117405274,1698.1026117405274,1.0,AC,0.7,8587.643301524377,123.107833328376,1.0000000000000002,0,380.0,2.58,
76,NO2 0,SE2 0,,0.00287,,7283.966466150157,7283.966466150157,7283.966466150157,1.0,AC,0.7,27817.507572788192,398.77681986089937,4.289473684210527,1,380.0,2.58,
77,PL1 0,SK1 0,,0.00287,,3396.205223481055,3396.205223481055,3396.205223481055,1.0,AC,0.7,22769.4900441311,326.41115692677107,2.0000000000000004,0,380.0,2.58,
78,RO1 0,RS1 0,,0.00287,,5094.3078352215825,5094.3078352215825,5094.3078352215825,1.0,AC,0.7,25977.366302122955,372.39754479139225,3.000000000000001,0,380.0,2.58,
79,RS1 0,XK1 0,,0.00287,,2189.658630928575,2189.658630928575,2189.658630928575,1.0,AC,0.7,14818.946745401536,212.43644641261926,1.2894736842105265,0,380.0,2.58,
8,AT1 0,HU1 0,,0.00287,,4379.31726185715,4379.31726185715,4379.31726185715,1.0,AC,0.7,29012.643216267566,415.90964133895767,2.578947368421053,0,380.0,2.58,
9,AT1 0,IT1 0,,0.00287,,491.5560191880474,491.5560191880474,491.5560191880474,1.0,AC,0.7,26839.97289476008,384.7634087316748,0.2894736842105263,0,380.0,2.58,
AL1 0 H2 Electrolysis,AL1 0,AL1 0 H2,,0.00287,,0.0,0.0,0.0,1.0,H2 Electrolysis,,158185.9163454387,0.0,,,,,0.6994
AT1 0 H2 Electrolysis,AT1 0,AT1 0 H2,,0.00287,,0.0,0.0,0.0,1.0,H2 Electrolysis,,158185.9163454387,0.0,,,,,0.6994
BA1 0 H2 Electrolysis,BA1 0,BA1 0 H2,,0.00287,,0.0,0.0,0.0,1.0,H2 Electrolysis,,158185.9163454387,0.0,,,,,0.6994
BE1 0 H2 Electrolysis,BE1 0,BE1 0 H2,,0.00287,,0.0,0.0,0.0,1.0,H2 Electrolysis,,158185.9163454387,0.0,,,,,0.6994
BG1 0 H2 Electrolysis,BG1 0,BG1 0 H2,,0.00287,,0.0,0.0,0.0,1.0,H2 Electrolysis,,158185.9163454387,0.0,,,,,0.6994
CH1 0 H2 Electrolysis,CH1 0,CH1 0 H2,,0.00287,,0.0,0.0,0.0,1.0,H2 Electrolysis,,158185.9163454387,0.0,,,,,0.6994
CZ1 0 H2 Electrolysis,CZ1 0,CZ1 0 H2,,0.00287,,0.0,0.0,0.0,1.0,H2 Electrolysis,,158185.9163454387,0.0,,,,,0.6994
DE1 0 H2 Electrolysis,DE1 0,DE1 0 H2,,0.00287,,0.0,0.0,0.0,1.0,H2 Electrolysis,,158185.9163454387,0.0,,,,,0.6994
DE1 1 H2 Electrolysis,DE1 1,DE1 1 H2,,0.00287,,0.0,0.0,0.0,1.0,H2 Electrolysis,,158185.9163454387,0.0,,,,,0.6994
DE1 2 H2 Electrolysis,DE1 2,DE1 2 H2,,0.00287,,0.0,0.0,0.0,1.0,H2 Electrolysis,,158185.9163454387,0.0,,,,,0.6994
DE1 3 H2 Electrolysis,DE1 3,DE1 3 H2,,0.00287,,0.0,0.0,0.0,1.0,H2 Electrolysis,,158185.9163454387,0.0,,,,,0.6994
DE1 4 H2 Electrolysis,DE1 4,DE1 4 H2,,0.00287,,0.0,0.0,0.0,1.0,H2 Electrolysis,,158185.9163454387,0.0,,,,,0.6994
DE1 5 H2 Electrolysis,DE1 5,DE1 5 H2,,0.00287,,0.0,0.0,0.0,1.0,H2 Electrolysis,,158185.9163454387,0.0,,,,,0.6994
DK1 0 H2 Electrolysis,DK1 0,DK1 0 H2,,0.00287,,0.0,0.0,0.0,1.0,H2 Electrolysis,,158185.9163454387,0.0,,,,,0.6994
DK2 0 H2 Electrolysis,DK2 0,DK2 0 H2,,0.00287,,0.0,0.0,0.0,1.0,H2 Electrolysis,,158185.9163454387,0.0,,,,,0.6994
EE7 0 H2 Electrolysis,EE7 0,EE7 0 H2,,0.00287,,0.0,0.0,0.0,1.0,H2 Electrolysis,,158185.9163454387,0.0,,,,,0.6994
ES1 0 H2 Electrolysis,ES1 0,ES1 0 H2,,0.00287,,0.0,0.0,0.0,1.0,H2 Electrolysis,,158185.9163454387,0.0,,,,,0.6994
ES4 0 H2 Electrolysis,ES4 0,ES4 0 H2,,0.00287,,0.0,0.0,0.0,1.0,H2 Electrolysis,,158185.9163454387,0.0,,,,,0.6994
FI2 0 H2 Electrolysis,FI2 0,FI2 0 H2,,0.00287,,0.0,0.0,0.0,1.0,H2 Electrolysis,,158185.9163454387,0.0,,,,,0.6994
FR1 0 H2 Electrolysis,FR1 0,FR1 0 H2,,0.00287,,0.0,0.0,0.0,1.0,H2 Electrolysis,,158185.9163454387,0.0,,,,,0.6994
FR1 1 H2 Electrolysis,FR1 1,FR1 1 H2,,0.00287,,0.0,0.0,0.0,1.0,H2 Electrolysis,,158185.9163454387,0.0,,,,,0.6994
FR1 2 H2 Electrolysis,FR1 2,FR1 2 H2,,0.00287,,0.0,0.0,0.0,1.0,H2 Electrolysis,,158185.9163454387,0.0,,,,,0.6994
FR1 3 H2 Electrolysis,FR1 3,FR1 3 H2,,0.00287,,0.0,0.0,0.0,1.0,H2 Electrolysis,,158185.9163454387,0.0,,,,,0.6994
FR1 4 H2 Electrolysis,FR1 4,FR1 4 H2,,0.00287,,0.0,0.0,0.0,1.0,H2 Electrolysis,,158185.9163454387,0.0,,,,,0.6994
FR5 0 H2 Electrolysis,FR5 0,FR5 0 H2,,0.00287,,0.0,0.0,0.0,1.0,H2 Electrolysis,,158185.9163454387,0.0,,,,,0.6994
GB0 0 H2 Electrolysis,GB0 0,GB0 0 H2,,0.00287,,0.0,0.0,0.0,1.0,H2 Electrolysis,,158185.9163454387,0.0,,,,,0.6994
GB0 1 H2 Electrolysis,GB0 1,GB0 1 H2,,0.00287,,0.0,0.0,0.0,1.0,H2 Electrolysis,,158185.9163454387,0.0,,,,,0.6994
GB6 0 H2 Electrolysis,GB6 0,GB6 0 H2,,0.00287,,0.0,0.0,0.0,1.0,H2 Electrolysis,,158185.9163454387,0.0,,,,,0.6994
GR1 0 H2 Electrolysis,GR1 0,GR1 0 H2,,0.00287,,0.0,0.0,0.0,1.0,H2 Electrolysis,,158185.9163454387,0.0,,,,,0.6994
HR1 0 H2 Electrolysis,HR1 0,HR1 0 H2,,0.00287,,0.0,0.0,0.0,1.0,H2 Electrolysis,,158185.9163454387,0.0,,,,,0.6994
HU1 0 H2 Electrolysis,HU1 0,HU1 0 H2,,0.00287,,0.0,0.0,0.0,1.0,H2 Electrolysis,,158185.9163454387,0.0,,,,,0.6994
IE6 0 H2 Electrolysis,IE6 0,IE6 0 H2,,0.00287,,0.0,0.0,0.0,1.0,H2 Electrolysis,,158185.9163454387,0.0,,,,,0.6994
IT1 0 H2 Electrolysis,IT1 0,IT1 0 H2,,0.00287,,0.0,0.0,0.0,1.0,H2 Electrolysis,,158185.9163454387,0.0,,,,,0.6994
IT1 1 H2 Electrolysis,IT1 1,IT1 1 H2,,0.00287,,0.0,0.0,0.0,1.0,H2 Electrolysis,,158185.9163454387,0.0,,,,,0.6994
IT3 0 H2 Electrolysis,IT3 0,IT3 0 H2,,0.00287,,0.0,0.0,0.0,1.0,H2 Electrolysis,,158185.9163454387,0.0,,,,,0.6994
LT7 0 H2 Electrolysis,LT7 0,LT7 0 H2,,0.00287,,0.0,0.0,0.0,1.0,H2 Electrolysis,,158185.9163454387,0.0,,,,,0.6994
LU1 0 H2 Electrolysis,LU1 0,LU1 0 H2,,0.00287,,0.0,0.0,0.0,1.0,H2 Electrolysis,,158185.9163454387,0.0,,,,,0.6994
LV7 0 H2 Electrolysis,LV7 0,LV7 0 H2,,0.00287,,0.0,0.0,0.0,1.0,H2 Electrolysis,,158185.9163454387,0.0,,,,,0.6994
ME1 0 H2 Electrolysis,ME1 0,ME1 0 H2,,0.00287,,0.0,0.0,0.0,1.0,H2 Electrolysis,,158185.9163454387,0.0,,,,,0.6994
MK1 0 H2 Electrolysis,MK1 0,MK1 0 H2,,0.00287,,0.0,0.0,0.0,1.0,H2 Electrolysis,,158185.9163454387,0.0,,,,,0.6994
NL1 0 H2 Electrolysis,NL1 0,NL1 0 H2,,0.00287,,0.0,0.0,0.0,1.0,H2 Electrolysis,,158185.9163454387,0.0,,,,,0.6994
NO2 0 H2 Electrolysis,NO2 0,NO2 0 H2,,0.00287,,0.0,0.0,0.0,1.0,H2 Electrolysis,,158185.9163454387,0.0,,,,,0.6994
PL1 0 H2 Electrolysis,PL1 0,PL1 0 H2,,0.00287,,0.0,0.0,0.0,1.0,H2 Electrolysis,,158185.9163454387,0.0,,,,,0.6994
PT1 0 H2 Electrolysis,PT1 0,PT1 0 H2,,0.00287,,0.0,0.0,0.0,1.0,H2 Electrolysis,,158185.9163454387,0.0,,,,,0.6994
RO1 0 H2 Electrolysis,RO1 0,RO1 0 H2,,0.00287,,0.0,0.0,0.0,1.0,H2 Electrolysis,,158185.9163454387,0.0,,,,,0.6994
RS1 0 H2 Electrolysis,RS1 0,RS1 0 H2,,0.00287,,0.0,0.0,0.0,1.0,H2 Electrolysis,,158185.9163454387,0.0,,,,,0.6994
SE2 0 H2 Electrolysis,SE2 0,SE2 0 H2,,0.00287,,0.0,0.0,0.0,1.0,H2 Electrolysis,,158185.9163454387,0.0,,,,,0.6994
SI1 0 H2 Electrolysis,SI1 0,SI1 0 H2,,0.00287,,0.0,0.0,0.0,1.0,H2 Electrolysis,,158185.9163454387,0.0,,,,,0.6994
SK1 0 H2 Electrolysis,SK1 0,SK1 0 H2,,0.00287,,0.0,0.0,0.0,1.0,H2 Electrolysis,,158185.9163454387,0.0,,,,,0.6994
XK1 0 H2 Electrolysis,XK1 0,XK1 0 H2,,0.00287,,0.0,0.0,0.0,1.0,H2 Electrolysis,,158185.9163454387,0.0,,,,,0.6994
AL1 0 H2 Fuel Cell,AL1 0 H2,AL1 0,,0.00287,,0.0,0.0,0.0,1.0,H2 Fuel Cell,,0.0,0.0,,,,,0.5
AT1 0 H2 Fuel Cell,AT1 0 H2,AT1 0,,0.00287,,0.0,0.0,0.0,1.0,H2 Fuel Cell,,0.0,0.0,,,,,0.5
BA1 0 H2 Fuel Cell,BA1 0 H2,BA1 0,,0.00287,,0.0,0.0,0.0,1.0,H2 Fuel Cell,,0.0,0.0,,,,,0.5
BE1 0 H2 Fuel Cell,BE1 0 H2,BE1 0,,0.00287,,0.0,0.0,0.0,1.0,H2 Fuel Cell,,0.0,0.0,,,,,0.5
BG1 0 H2 Fuel Cell,BG1 0 H2,BG1 0,,0.00287,,0.0,0.0,0.0,1.0,H2 Fuel Cell,,0.0,0.0,,,,,0.5
CH1 0 H2 Fuel Cell,CH1 0 H2,CH1 0,,0.00287,,0.0,0.0,0.0,1.0,H2 Fuel Cell,,0.0,0.0,,,,,0.5
CZ1 0 H2 Fuel Cell,CZ1 0 H2,CZ1 0,,0.00287,,0.0,0.0,0.0,1.0,H2 Fuel Cell,,0.0,0.0,,,,,0.5
DE1 0 H2 Fuel Cell,DE1 0 H2,DE1 0,,0.00287,,0.0,0.0,0.0,1.0,H2 Fuel Cell,,0.0,0.0,,,,,0.5
DE1 1 H2 Fuel Cell,DE1 1 H2,DE1 1,,0.00287,,0.0,0.0,0.0,1.0,H2 Fuel Cell,,0.0,0.0,,,,,0.5
DE1 2 H2 Fuel Cell,DE1 2 H2,DE1 2,,0.00287,,0.0,0.0,0.0,1.0,H2 Fuel Cell,,0.0,0.0,,,,,0.5
DE1 3 H2 Fuel Cell,DE1 3 H2,DE1 3,,0.00287,,0.0,0.0,0.0,1.0,H2 Fuel Cell,,0.0,0.0,,,,,0.5
DE1 4 H2 Fuel Cell,DE1 4 H2,DE1 4,,0.00287,,0.0,0.0,0.0,1.0,H2 Fuel Cell,,0.0,0.0,,,,,0.5
DE1 5 H2 Fuel Cell,DE1 5 H2,DE1 5,,0.00287,,0.0,0.0,0.0,1.0,H2 Fuel Cell,,0.0,0.0,,,,,0.5
DK1 0 H2 Fuel Cell,DK1 0 H2,DK1 0,,0.00287,,0.0,0.0,0.0,1.0,H2 Fuel Cell,,0.0,0.0,,,,,0.5
DK2 0 H2 Fuel Cell,DK2 0 H2,DK2 0,,0.00287,,0.0,0.0,0.0,1.0,H2 Fuel Cell,,0.0,0.0,,,,,0.5
EE7 0 H2 Fuel Cell,EE7 0 H2,EE7 0,,0.00287,,0.0,0.0,0.0,1.0,H2 Fuel Cell,,0.0,0.0,,,,,0.5
ES1 0 H2 Fuel Cell,ES1 0 H2,ES1 0,,0.00287,,0.0,0.0,0.0,1.0,H2 Fuel Cell,,0.0,0.0,,,,,0.5
ES4 0 H2 Fuel Cell,ES4 0 H2,ES4 0,,0.00287,,0.0,0.0,0.0,1.0,H2 Fuel Cell,,0.0,0.0,,,,,0.5
FI2 0 H2 Fuel Cell,FI2 0 H2,FI2 0,,0.00287,,0.0,0.0,0.0,1.0,H2 Fuel Cell,,0.0,0.0,,,,,0.5
FR1 0 H2 Fuel Cell,FR1 0 H2,FR1 0,,0.00287,,0.0,0.0,0.0,1.0,H2 Fuel Cell,,0.0,0.0,,,,,0.5
FR1 1 H2 Fuel Cell,FR1 1 H2,FR1 1,,0.00287,,0.0,0.0,0.0,1.0,H2 Fuel Cell,,0.0,0.0,,,,,0.5
FR1 2 H2 Fuel Cell,FR1 2 H2,FR1 2,,0.00287,,0.0,0.0,0.0,1.0,H2 Fuel Cell,,0.0,0.0,,,,,0.5
FR1 3 H2 Fuel Cell,FR1 3 H2,FR1 3,,0.00287,,0.0,0.0,0.0,1.0,H2 Fuel Cell,,0.0,0.0,,,,,0.5
FR1 4 H2 Fuel Cell,FR1 4 H2,FR1 4,,0.00287,,0.0,0.0,0.0,1.0,H2 Fuel Cell,,0.0,0.0,,,,,0.5
FR5 0 H2 Fuel Cell,FR5 0 H2,FR5 0,,0.00287,,0.0,0.0,0.0,1.0,H2 Fuel Cell,,0.0,0.0,,,,,0.5
GB0 0 H2 Fuel Cell,GB0 0 H2,GB0 0,,0.00287,,0.0,0.0,0.0,1.0,H2 Fuel Cell,,0.0,0.0,,,,,0.5
GB0 1 H2 Fuel Cell,GB0 1 H2,GB0 1,,0.00287,,0.0,0.0,0.0,1.0,H2 Fuel Cell,,0.0,0.0,,,,,0.5
GB6 0 H2 Fuel Cell,GB6 0 H2,GB6 0,,0.00287,,0.0,0.0,0.0,1.0,H2 Fuel Cell,,0.0,0.0,,,,,0.5
GR1 0 H2 Fuel Cell,GR1 0 H2,GR1 0,,0.00287,,0.0,0.0,0.0,1.0,H2 Fuel Cell,,0.0,0.0,,,,,0.5
HR1 0 H2 Fuel Cell,HR1 0 H2,HR1 0,,0.00287,,0.0,0.0,0.0,1.0,H2 Fuel Cell,,0.0,0.0,,,,,0.5
HU1 0 H2 Fuel Cell,HU1 0 H2,HU1 0,,0.00287,,0.0,0.0,0.0,1.0,H2 Fuel Cell,,0.0,0.0,,,,,0.5
IE6 0 H2 Fuel Cell,IE6 0 H2,IE6 0,,0.00287,,0.0,0.0,0.0,1.0,H2 Fuel Cell,,0.0,0.0,,,,,0.5
IT1 0 H2 Fuel Cell,IT1 0 H2,IT1 0,,0.00287,,0.0,0.0,0.0,1.0,H2 Fuel Cell,,0.0,0.0,,,,,0.5
IT1 1 H2 Fuel Cell,IT1 1 H2,IT1 1,,0.00287,,0.0,0.0,0.0,1.0,H2 Fuel Cell,,0.0,0.0,,,,,0.5
IT3 0 H2 Fuel Cell,IT3 0 H2,IT3 0,,0.00287,,0.0,0.0,0.0,1.0,H2 Fuel Cell,,0.0,0.0,,,,,0.5
LT7 0 H2 Fuel Cell,LT7 0 H2,LT7 0,,0.00287,,0.0,0.0,0.0,1.0,H2 Fuel Cell,,0.0,0.0,,,,,0.5
LU1 0 H2 Fuel Cell,LU1 0 H2,LU1 0,,0.00287,,0.0,0.0,0.0,1.0,H2 Fuel Cell,,0.0,0.0,,,,,0.5
LV7 0 H2 Fuel Cell,LV7 0 H2,LV7 0,,0.00287,,0.0,0.0,0.0,1.0,H2 Fuel Cell,,0.0,0.0,,,,,0.5
ME1 0 H2 Fuel Cell,ME1 0 H2,ME1 0,,0.00287,,0.0,0.0,0.0,1.0,H2 Fuel Cell,,0.0,0.0,,,,,0.5
MK1 0 H2 Fuel Cell,MK1 0 H2,MK1 0,,0.00287,,0.0,0.0,0.0,1.0,H2 Fuel Cell,,0.0,0.0,,,,,0.5
NL1 0 H2 Fuel Cell,NL1 0 H2,NL1 0,,0.00287,,0.0,0.0,0.0,1.0,H2 Fuel Cell,,0.0,0.0,,,,,0.5
NO2 0 H2 Fuel Cell,NO2 0 H2,NO2 0,,0.00287,,0.0,0.0,0.0,1.0,H2 Fuel Cell,,0.0,0.0,,,,,0.5
PL1 0 H2 Fuel Cell,PL1 0 H2,PL1 0,,0.00287,,0.0,0.0,0.0,1.0,H2 Fuel Cell,,0.0,0.0,,,,,0.5
PT1 0 H2 Fuel Cell,PT1 0 H2,PT1 0,,0.00287,,0.0,0.0,0.0,1.0,H2 Fuel Cell,,0.0,0.0,,,,,0.5
RO1 0 H2 Fuel Cell,RO1 0 H2,RO1 0,,0.00287,,0.0,0.0,0.0,1.0,H2 Fuel Cell,,0.0,0.0,,,,,0.5
RS1 0 H2 Fuel Cell,RS1 0 H2,RS1 0,,0.00287,,0.0,0.0,0.0,1.0,H2 Fuel Cell,,0.0,0.0,,,,,0.5
SE2 0 H2 Fuel Cell,SE2 0 H2,SE2 0,,0.00287,,0.0,0.0,0.0,1.0,H2 Fuel Cell,,0.0,0.0,,,,,0.5
SI1 0 H2 Fuel Cell,SI1 0 H2,SI1 0,,0.00287,,0.0,0.0,0.0,1.0,H2 Fuel Cell,,0.0,0.0,,,,,0.5
SK1 0 H2 Fuel Cell,SK1 0 H2,SK1 0,,0.00287,,0.0,0.0,0.0,1.0,H2 Fuel Cell,,0.0,0.0,,,,,0.5
XK1 0 H2 Fuel Cell,XK1 0 H2,XK1 0,,0.00287,,0.0,0.0,0.0,1.0,H2 Fuel Cell,,0.0,0.0,,,,,0.5
AL1 0 battery charger,AL1 0,AL1 0 battery,,0.00287,,0.0,0.0,0.0,1.0,battery charger,,12143.957401297375,0.0,,,,,0.9797958971132712
AT1 0 battery charger,AT1 0,AT1 0 battery,,0.00287,,0.0,0.0,0.0,1.0,battery charger,,12143.957401297375,0.0,,,,,0.9797958971132712
BA1 0 battery charger,BA1 0,BA1 0 battery,,0.00287,,0.0,0.0,0.0,1.0,battery charger,,12143.957401297375,0.0,,,,,0.9797958971132712
BE1 0 battery charger,BE1 0,BE1 0 battery,,0.00287,,0.0,0.0,0.0,1.0,battery charger,,12143.957401297375,0.0,,,,,0.9797958971132712
BG1 0 battery charger,BG1 0,BG1 0 battery,,0.00287,,0.0,0.0,0.0,1.0,battery charger,,12143.957401297375,0.0,,,,,0.9797958971132712
CH1 0 battery charger,CH1 0,CH1 0 battery,,0.00287,,0.0,0.0,0.0,1.0,battery charger,,12143.957401297375,0.0,,,,,0.9797958971132712
CZ1 0 battery charger,CZ1 0,CZ1 0 battery,,0.00287,,0.0,0.0,0.0,1.0,battery charger,,12143.957401297375,0.0,,,,,0.9797958971132712
DE1 0 battery charger,DE1 0,DE1 0 battery,,0.00287,,0.0,0.0,0.0,1.0,battery charger,,12143.957401297375,0.0,,,,,0.9797958971132712
DE1 1 battery charger,DE1 1,DE1 1 battery,,0.00287,,0.0,0.0,0.0,1.0,battery charger,,12143.957401297375,0.0,,,,,0.9797958971132712
DE1 2 battery charger,DE1 2,DE1 2 battery,,0.00287,,0.0,0.0,0.0,1.0,battery charger,,12143.957401297375,0.0,,,,,0.9797958971132712
DE1 3 battery charger,DE1 3,DE1 3 battery,,0.00287,,0.0,0.0,0.0,1.0,battery charger,,12143.957401297375,0.0,,,,,0.9797958971132712
DE1 4 battery charger,DE1 4,DE1 4 battery,,0.00287,,0.0,0.0,0.0,1.0,battery charger,,12143.957401297375,0.0,,,,,0.9797958971132712
DE1 5 battery charger,DE1 5,DE1 5 battery,,0.00287,,0.0,0.0,0.0,1.0,battery charger,,12143.957401297375,0.0,,,,,0.9797958971132712
DK1 0 battery charger,DK1 0,DK1 0 battery,,0.00287,,0.0,0.0,0.0,1.0,battery charger,,12143.957401297375,0.0,,,,,0.9797958971132712
DK2 0 battery charger,DK2 0,DK2 0 battery,,0.00287,,0.0,0.0,0.0,1.0,battery charger,,12143.957401297375,0.0,,,,,0.9797958971132712
EE7 0 battery charger,EE7 0,EE7 0 battery,,0.00287,,0.0,0.0,0.0,1.0,battery charger,,12143.957401297375,0.0,,,,,0.9797958971132712
ES1 0 battery charger,ES1 0,ES1 0 battery,,0.00287,,0.0,0.0,0.0,1.0,battery charger,,12143.957401297375,0.0,,,,,0.9797958971132712
ES4 0 battery charger,ES4 0,ES4 0 battery,,0.00287,,0.0,0.0,0.0,1.0,battery charger,,12143.957401297375,0.0,,,,,0.9797958971132712
FI2 0 battery charger,FI2 0,FI2 0 battery,,0.00287,,0.0,0.0,0.0,1.0,battery charger,,12143.957401297375,0.0,,,,,0.9797958971132712
FR1 0 battery charger,FR1 0,FR1 0 battery,,0.00287,,0.0,0.0,0.0,1.0,battery charger,,12143.957401297375,0.0,,,,,0.9797958971132712
FR1 1 battery charger,FR1 1,FR1 1 battery,,0.00287,,0.0,0.0,0.0,1.0,battery charger,,12143.957401297375,0.0,,,,,0.9797958971132712
FR1 2 battery charger,FR1 2,FR1 2 battery,,0.00287,,0.0,0.0,0.0,1.0,battery charger,,12143.957401297375,0.0,,,,,0.9797958971132712
FR1 3 battery charger,FR1 3,FR1 3 battery,,0.00287,,0.0,0.0,0.0,1.0,battery charger,,12143.957401297375,0.0,,,,,0.9797958971132712
FR1 4 battery charger,FR1 4,FR1 4 battery,,0.00287,,0.0,0.0,0.0,1.0,battery charger,,12143.957401297375,0.0,,,,,0.9797958971132712
FR5 0 battery charger,FR5 0,FR5 0 battery,,0.00287,,0.0,0.0,0.0,1.0,battery charger,,12143.957401297375,0.0,,,,,0.9797958971132712
GB0 0 battery charger,GB0 0,GB0 0 battery,,0.00287,,0.0,0.0,0.0,1.0,battery charger,,12143.957401297375,0.0,,,,,0.9797958971132712
GB0 1 battery charger,GB0 1,GB0 1 battery,,0.00287,,0.0,0.0,0.0,1.0,battery charger,,12143.957401297375,0.0,,,,,0.9797958971132712
GB6 0 battery charger,GB6 0,GB6 0 battery,,0.00287,,0.0,0.0,0.0,1.0,battery charger,,12143.957401297375,0.0,,,,,0.9797958971132712
GR1 0 battery charger,GR1 0,GR1 0 battery,,0.00287,,0.0,0.0,0.0,1.0,battery charger,,12143.957401297375,0.0,,,,,0.9797958971132712
HR1 0 battery charger,HR1 0,HR1 0 battery,,0.00287,,0.0,0.0,0.0,1.0,battery charger,,12143.957401297375,0.0,,,,,0.9797958971132712
HU1 0 battery charger,HU1 0,HU1 0 battery,,0.00287,,0.0,0.0,0.0,1.0,battery charger,,12143.957401297375,0.0,,,,,0.9797958971132712
IE6 0 battery charger,IE6 0,IE6 0 battery,,0.00287,,0.0,0.0,0.0,1.0,battery charger,,12143.957401297375,0.0,,,,,0.9797958971132712
IT1 0 battery charger,IT1 0,IT1 0 battery,,0.00287,,0.0,0.0,0.0,1.0,battery charger,,12143.957401297375,0.0,,,,,0.9797958971132712
IT1 1 battery charger,IT1 1,IT1 1 battery,,0.00287,,0.0,0.0,0.0,1.0,battery charger,,12143.957401297375,0.0,,,,,0.9797958971132712
IT3 0 battery charger,IT3 0,IT3 0 battery,,0.00287,,0.0,0.0,0.0,1.0,battery charger,,12143.957401297375,0.0,,,,,0.9797958971132712
LT7 0 battery charger,LT7 0,LT7 0 battery,,0.00287,,0.0,0.0,0.0,1.0,battery charger,,12143.957401297375,0.0,,,,,0.9797958971132712
LU1 0 battery charger,LU1 0,LU1 0 battery,,0.00287,,0.0,0.0,0.0,1.0,battery charger,,12143.957401297375,0.0,,,,,0.9797958971132712
LV7 0 battery charger,LV7 0,LV7 0 battery,,0.00287,,0.0,0.0,0.0,1.0,battery charger,,12143.957401297375,0.0,,,,,0.9797958971132712
ME1 0 battery charger,ME1 0,ME1 0 battery,,0.00287,,0.0,0.0,0.0,1.0,battery charger,,12143.957401297375,0.0,,,,,0.9797958971132712
MK1 0 battery charger,MK1 0,MK1 0 battery,,0.00287,,0.0,0.0,0.0,1.0,battery charger,,12143.957401297375,0.0,,,,,0.9797958971132712
NL1 0 battery charger,NL1 0,NL1 0 battery,,0.00287,,0.0,0.0,0.0,1.0,battery charger,,12143.957401297375,0.0,,,,,0.9797958971132712
NO2 0 battery charger,NO2 0,NO2 0 battery,,0.00287,,0.0,0.0,0.0,1.0,battery charger,,12143.957401297375,0.0,,,,,0.9797958971132712
PL1 0 battery charger,PL1 0,PL1 0 battery,,0.00287,,0.0,0.0,0.0,1.0,battery charger,,12143.957401297375,0.0,,,,,0.9797958971132712
PT1 0 battery charger,PT1 0,PT1 0 battery,,0.00287,,0.0,0.0,0.0,1.0,battery charger,,12143.957401297375,0.0,,,,,0.9797958971132712
RO1 0 battery charger,RO1 0,RO1 0 battery,,0.00287,,0.0,0.0,0.0,1.0,battery charger,,12143.957401297375,0.0,,,,,0.9797958971132712
RS1 0 battery charger,RS1 0,RS1 0 battery,,0.00287,,0.0,0.0,0.0,1.0,battery charger,,12143.957401297375,0.0,,,,,0.9797958971132712
SE2 0 battery charger,SE2 0,SE2 0 battery,,0.00287,,0.0,0.0,0.0,1.0,battery charger,,12143.957401297375,0.0,,,,,0.9797958971132712
SI1 0 battery charger,SI1 0,SI1 0 battery,,0.00287,,0.0,0.0,0.0,1.0,battery charger,,12143.957401297375,0.0,,,,,0.9797958971132712
SK1 0 battery charger,SK1 0,SK1 0 battery,,0.00287,,0.0,0.0,0.0,1.0,battery charger,,12143.957401297375,0.0,,,,,0.9797958971132712
XK1 0 battery charger,XK1 0,XK1 0 battery,,0.00287,,0.0,0.0,0.0,1.0,battery charger,,12143.957401297375,0.0,,,,,0.9797958971132712
AL1 0 battery discharger,AL1 0 battery,AL1 0,,0.00287,,0.0,0.0,0.0,1.0,battery discharger,,0.0,0.0,,,,,0.9797958971132712
AT1 0 battery discharger,AT1 0 battery,AT1 0,,0.00287,,0.0,0.0,0.0,1.0,battery discharger,,0.0,0.0,,,,,0.9797958971132712
BA1 0 battery discharger,BA1 0 battery,BA1 0,,0.00287,,0.0,0.0,0.0,1.0,battery discharger,,0.0,0.0,,,,,0.9797958971132712
BE1 0 battery discharger,BE1 0 battery,BE1 0,,0.00287,,0.0,0.0,0.0,1.0,battery discharger,,0.0,0.0,,,,,0.9797958971132712
BG1 0 battery discharger,BG1 0 battery,BG1 0,,0.00287,,0.0,0.0,0.0,1.0,battery discharger,,0.0,0.0,,,,,0.9797958971132712
CH1 0 battery discharger,CH1 0 battery,CH1 0,,0.00287,,0.0,0.0,0.0,1.0,battery discharger,,0.0,0.0,,,,,0.9797958971132712
CZ1 0 battery discharger,CZ1 0 battery,CZ1 0,,0.00287,,0.0,0.0,0.0,1.0,battery discharger,,0.0,0.0,,,,,0.9797958971132712
DE1 0 battery discharger,DE1 0 battery,DE1 0,,0.00287,,0.0,0.0,0.0,1.0,battery discharger,,0.0,0.0,,,,,0.9797958971132712
DE1 1 battery discharger,DE1 1 battery,DE1 1,,0.00287,,0.0,0.0,0.0,1.0,battery discharger,,0.0,0.0,,,,,0.9797958971132712
DE1 2 battery discharger,DE1 2 battery,DE1 2,,0.00287,,0.0,0.0,0.0,1.0,battery discharger,,0.0,0.0,,,,,0.9797958971132712
DE1 3 battery discharger,DE1 3 battery,DE1 3,,0.00287,,0.0,0.0,0.0,1.0,battery discharger,,0.0,0.0,,,,,0.9797958971132712
DE1 4 battery discharger,DE1 4 battery,DE1 4,,0.00287,,0.0,0.0,0.0,1.0,battery discharger,,0.0,0.0,,,,,0.9797958971132712
DE1 5 battery discharger,DE1 5 battery,DE1 5,,0.00287,,0.0,0.0,0.0,1.0,battery discharger,,0.0,0.0,,,,,0.9797958971132712
DK1 0 battery discharger,DK1 0 battery,DK1 0,,0.00287,,0.0,0.0,0.0,1.0,battery discharger,,0.0,0.0,,,,,0.9797958971132712
DK2 0 battery discharger,DK2 0 battery,DK2 0,,0.00287,,0.0,0.0,0.0,1.0,battery discharger,,0.0,0.0,,,,,0.9797958971132712
EE7 0 battery discharger,EE7 0 battery,EE7 0,,0.00287,,0.0,0.0,0.0,1.0,battery discharger,,0.0,0.0,,,,,0.9797958971132712
ES1 0 battery discharger,ES1 0 battery,ES1 0,,0.00287,,0.0,0.0,0.0,1.0,battery discharger,,0.0,0.0,,,,,0.9797958971132712
ES4 0 battery discharger,ES4 0 battery,ES4 0,,0.00287,,0.0,0.0,0.0,1.0,battery discharger,,0.0,0.0,,,,,0.9797958971132712
FI2 0 battery discharger,FI2 0 battery,FI2 0,,0.00287,,0.0,0.0,0.0,1.0,battery discharger,,0.0,0.0,,,,,0.9797958971132712
FR1 0 battery discharger,FR1 0 battery,FR1 0,,0.00287,,0.0,0.0,0.0,1.0,battery discharger,,0.0,0.0,,,,,0.9797958971132712
FR1 1 battery discharger,FR1 1 battery,FR1 1,,0.00287,,0.0,0.0,0.0,1.0,battery discharger,,0.0,0.0,,,,,0.9797958971132712
FR1 2 battery discharger,FR1 2 battery,FR1 2,,0.00287,,0.0,0.0,0.0,1.0,battery discharger,,0.0,0.0,,,,,0.9797958971132712
FR1 3 battery discharger,FR1 3 battery,FR1 3,,0.00287,,0.0,0.0,0.0,1.0,battery discharger,,0.0,0.0,,,,,0.9797958971132712
FR1 4 battery discharger,FR1 4 battery,FR1 4,,0.00287,,0.0,0.0,0.0,1.0,battery discharger,,0.0,0.0,,,,,0.9797958971132712
FR5 0 battery discharger,FR5 0 battery,FR5 0,,0.00287,,0.0,0.0,0.0,1.0,battery discharger,,0.0,0.0,,,,,0.9797958971132712
GB0 0 battery discharger,GB0 0 battery,GB0 0,,0.00287,,0.0,0.0,0.0,1.0,battery discharger,,0.0,0.0,,,,,0.9797958971132712
GB0 1 battery discharger,GB0 1 battery,GB0 1,,0.00287,,0.0,0.0,0.0,1.0,battery discharger,,0.0,0.0,,,,,0.9797958971132712
GB6 0 battery discharger,GB6 0 battery,GB6 0,,0.00287,,0.0,0.0,0.0,1.0,battery discharger,,0.0,0.0,,,,,0.9797958971132712
GR1 0 battery discharger,GR1 0 battery,GR1 0,,0.00287,,0.0,0.0,0.0,1.0,battery discharger,,0.0,0.0,,,,,0.9797958971132712
HR1 0 battery discharger,HR1 0 battery,HR1 0,,0.00287,,0.0,0.0,0.0,1.0,battery discharger,,0.0,0.0,,,,,0.9797958971132712
HU1 0 battery discharger,HU1 0 battery,HU1 0,,0.00287,,0.0,0.0,0.0,1.0,battery discharger,,0.0,0.0,,,,,0.9797958971132712
IE6 0 battery discharger,IE6 0 battery,IE6 0,,0.00287,,0.0,0.0,0.0,1.0,battery discharger,,0.0,0.0,,,,,0.9797958971132712
IT1 0 battery discharger,IT1 0 battery,IT1 0,,0.00287,,0.0,0.0,0.0,1.0,battery discharger,,0.0,0.0,,,,,0.9797958971132712
IT1 1 battery discharger,IT1 1 battery,IT1 1,,0.00287,,0.0,0.0,0.0,1.0,battery discharger,,0.0,0.0,,,,,0.9797958971132712
IT3 0 battery discharger,IT3 0 battery,IT3 0,,0.00287,,0.0,0.0,0.0,1.0,battery discharger,,0.0,0.0,,,,,0.9797958971132712
LT7 0 battery discharger,LT7 0 battery,LT7 0,,0.00287,,0.0,0.0,0.0,1.0,battery discharger,,0.0,0.0,,,,,0.9797958971132712
LU1 0 battery discharger,LU1 0 battery,LU1 0,,0.00287,,0.0,0.0,0.0,1.0,battery discharger,,0.0,0.0,,,,,0.9797958971132712
LV7 0 battery discharger,LV7 0 battery,LV7 0,,0.00287,,0.0,0.0,0.0,1.0,battery discharger,,0.0,0.0,,,,,0.9797958971132712
ME1 0 battery discharger,ME1 0 battery,ME1 0,,0.00287,,0.0,0.0,0.0,1.0,battery discharger,,0.0,0.0,,,,,0.9797958971132712
MK1 0 battery discharger,MK1 0 battery,MK1 0,,0.00287,,0.0,0.0,0.0,1.0,battery discharger,,0.0,0.0,,,,,0.9797958971132712
NL1 0 battery discharger,NL1 0 battery,NL1 0,,0.00287,,0.0,0.0,0.0,1.0,battery discharger,,0.0,0.0,,,,,0.9797958971132712
NO2 0 battery discharger,NO2 0 battery,NO2 0,,0.00287,,0.0,0.0,0.0,1.0,battery discharger,,0.0,0.0,,,,,0.9797958971132712
PL1 0 battery discharger,PL1 0 battery,PL1 0,,0.00287,,0.0,0.0,0.0,1.0,battery discharger,,0.0,0.0,,,,,0.9797958971132712
PT1 0 battery discharger,PT1 0 battery,PT1 0,,0.00287,,0.0,0.0,0.0,1.0,battery discharger,,0.0,0.0,,,,,0.9797958971132712
RO1 0 battery discharger,RO1 0 battery,RO1 0,,0.00287,,0.0,0.0,0.0,1.0,battery discharger,,0.0,0.0,,,,,0.9797958971132712
RS1 0 battery discharger,RS1 0 battery,RS1 0,,0.00287,,0.0,0.0,0.0,1.0,battery discharger,,0.0,0.0,,,,,0.9797958971132712
SE2 0 battery discharger,SE2 0 battery,SE2 0,,0.00287,,0.0,0.0,0.0,1.0,battery discharger,,0.0,0.0,,,,,0.9797958971132712
SI1 0 battery discharger,SI1 0 battery,SI1 0,,0.00287,,0.0,0.0,0.0,1.0,battery discharger,,0.0,0.0,,,,,0.9797958971132712
SK1 0 battery discharger,SK1 0 battery,SK1 0,,0.00287,,0.0,0.0,0.0,1.0,battery discharger,,0.0,0.0,,,,,0.9797958971132712
XK1 0 battery discharger,XK1 0 battery,XK1 0,,0.00287,,0.0,0.0,0.0,1.0,battery discharger,,0.0,0.0,,,,,0.9797958971132712
