AL1 0,AT1 0,BA1 0,BE1 0,BG1 0,CH1 0,CZ1 0,DE1 0,DE1 1,DE1 2,DE1 3,DE1 4,DE1 5,DK1 0,DK2 0,EE7 0,ES1 0,ES4 0,FI2 0,FR1 0,FR1 1,FR1 2,FR1 3,FR1 4,FR5 0,GB0 0,GB0 1,GB6 0,GR1 0,HR1 0,HU1 0,IE6 0,IT1 0,IT1 1,IT3 0,LT7 0,LU1 0,LV7 0,ME1 0,MK1 0,NL1 0,NO2 0,PL1 0,PT1 0,RO1 0,RS1 0,SE2 0,SI1 0,SK1 0,XK1 0
730.9999847412109,619.9999923706055,554.0,523.0000076293945,528.0000152587891,574.0000076293945,660.0000076293945,801.0000076293945,912.9999923706055,969.0,982.0000076293945,964.0,946.0000076293945,938.9999923706055,941.0000076293945,1009.0000076293945,1070.000015258789,1063.0,1036.0000076293945,995.0000152587891,924.0,833.0,722.0000076293945,610.0000076293945,529.0,486.00001525878906,464.0,462.00000762939453,487.0,559.0000076293945,671.0,828.9999923706055,933.0,946.9999923706055,932.0,927.0,919.0000076293945,905.9999923706055,919.0000076293945,998.0000076293945,1091.0,1100.0000076293945,1097.0000076293945,1078.999984741211,1013.0,895.0,752.9999847412109,623.9999923706055,543.0000076293945,501.0
5733.066650390625,5591.89998626709,5319.299995422363,5249.10001373291,5380.800003051758,5487.0,5833.299987792969,6143.700012207031,6408.099990844727,6657.0000076293945,6745.699981689453,6699.800003051758,6533.900001525879,6452.399993896484,6531.700012207031,6942.200004577637,7399.0,7427.300003051758,7259.100021362305,6901.0,6538.799995422363,6471.899993896484,6096.300003051758,5808.900009155273,5572.899993896484,5480.4999923706055,5405.000015258789,5569.299995422363,6104.699996948242,6904.300003051758,7659.799987792969,8039.9999923706055,8235.299995422363,8182.0000076293945,8126.299987792969,7945.100006103516,7756.900001525879,7721.0,7822.0,8176.5000076293945,8641.499992370605,8537.600006103516,8144.500015258789,7643.499984741211,7120.500015258789,6995.800003051758,6555.699989318848,6281.800003051758,6028.5,5894.300010681152
1389.7049942016602,1317.1900024414062,1221.6200103759766,1254.5400009155273,1224.990005493164,1236.52001953125,1222.3299942016602,1280.160011291504,1378.75,1463.5500106811523,1418.0499877929688,1405.890007019043,1431.620002746582,1440.2699966430664,1481.6300048828125,1606.9599838256836,1686.8400039672852,1651.1999969482422,1633.4800033569336,1619.4500122070312,1541.1700057983398,1494.7799911499023,1407.8500061035156,1255.640007019043,1207.1100006103516,1144.120002746582,1143.620002746582,1156.0699920654297,1195.4099960327148,1275.5500030517578,1395.2100143432617,1473.4099960327148,1553.0500183105469,1591.9000091552734,1594.0600128173828,1564.9800033569336,1582.0900115966797,1551.9599990844727,1539.3600006103516,1618.6100006103516,1705.7999954223633,1667.259994506836,1644.9599914550781,1609.4199981689453,1562.2400131225586,1522.620002746582,1413.4399948120117,1302.7899932861328,1185.4199981689453,1135.099998474121
8650.573333740234,8320.272506713867,8000.68000793457,7795.527488708496,7783.822486877441,7846.857490539551,7752.6875,7895.540000915527,8103.485000610352,8361.902488708496,8651.022491455078,8760.57250213623,8782.317497253418,8569.147521972656,8655.372497558594,8819.334999084473,9389.757522583008,9490.512496948242,9335.095008850098,9141.140014648438,8912.369995117188,9169.824996948242,9291.712478637695,8825.950004577637,8445.072494506836,8130.592491149902,7922.8649978637695,7907.0474853515625,8169.830001831055,8979.017501831055,9519.782508850098,10188.939987182617,10598.869987487793,10855.752517700195,11185.619995117188,11130.362503051758,11052.930030822754,10816.162490844727,10813.875,10789.597518920898,11244.559982299805,11145.875007629395,10764.540008544922,10097.255004882812,9563.349998474121,9601.559997558594,9686.177505493164,9082.464988708496,8538.449989318848,8251.899993896484
4063.0000076293945,3924.0000076293945,3838.0000076293945,3795.0000076293945,3800.0000076293945,3886.0,4071.0,4304.0000076293945,4443.0,4498.999984741211,4493.0,4400.0000076293945,4323.9999923706055,4350.999984741211,4548.0000076293945,4957.0,5191.0,5127.0000076293945,4999.000022888184,4820.999984741211,4722.0,4467.9999923706055,4151.0,3938.0,3823.9999771118164,3771.9999923706055,3810.9999923706055,3929.0,4249.0000076293945,4713.9999923706055,5247.9999923706055,5530.9999923706055,5546.0,5459.0,5322.9999923706055,5203.0,5119.0000076293945,5114.0,5278.9999923706055,5661.0,5901.999984741211,5859.0000076293945,5641.9999923706055,5428.9999923706055,5290.0,4988.0000076293945,4628.000015258789,4380.9999923706055,4243.0,4211.0
7016.439971923828,7134.2500076293945,6972.689994812012,7580.840019226074,7179.810012817383,7123.019966125488,7103.04997253418,6947.139991760254,6991.909973144531,7167.090019226074,7544.69002532959,7486.559967041016,7806.469985961914,7720.049987792969,7594.199966430664,7234.180030822754,6739.950012207031,7246.520004272461,7341.089973449707,7168.8900146484375,6970.600028991699,6746.550003051758,6942.240005493164,6836.570007324219,7038.290016174316,7443.730026245117,7629.560028076172,7320.550010681152,7113.389984130859,7206.749969482422,6966.180015563965,6521.519981384277,6775.729995727539,7112.089996337891,7222.970001220703,7095.0400390625,7299.159996032715,7168.949981689453,7025.619972229004,7042.650032043457,7267.9799880981445,7809.209991455078,7876.580009460449,7690.2299728393555,7423.840034484863,7164.2500076293945,7224.070014953613,7392.370010375977,7364.869987487793,7388.810005187988
5549.620010375977,5559.529983520508,5496.270004272461,5499.570007324219,5505.09001159668,5500.110000610352,5565.160003662109,5563.699996948242,5945.759994506836,6259.560005187988,6372.950004577637,6359.950004577637,6421.06999206543,6375.349998474121,6551.379989624023,6845.90998840332,7040.15998840332,6983.720001220703,6960.590003967285,6887.729995727539,6533.7499923706055,6503.559997558594,6241.480010986328,5998.559997558594,6103.449989318848,6104.799980163574,6002.599990844727,6138.909996032715,6627.029998779297,7259.620002746582,7764.759986877441,8118.360023498535,8426.099983215332,8601.630004882812,8522.779998779297,8559.479988098145,8578.759994506836,8375.509994506836,8503.68000793457,8650.139991760254,8685.740013122559,8530.890014648438,8606.5,8356.330001831055,7989.930000305176,7622.580009460449,7205.940002441406,6895.43000793457,6955.7600021362305,6917.459983825684
8301.712677001953,8107.115020751953,7875.544357299805,7872.616912841797,7824.305923461914,7617.373428344727,7716.086532592773,7855.573257446289,8285.029121398926,8711.082427978516,9123.486358642578,9382.911079406738,9330.939392089844,9020.02791595459,9047.82723236084,9594.2036819458,10371.977783203125,10533.329223632812,10291.41300201416,9877.178489685059,9604.08634185791,9425.086616516113,8878.790283203125,8597.409469604492,8316.930465698242,8196.103355407715,8205.759704589844,8420.7027053833,8875.832542419434,9739.436798095703,10714.252403259277,11375.89340209961,11755.606536865234,11951.785835266113,12112.04135131836,12158.328720092773,11992.60538482666,11804.249954223633,11818.900382995605,12179.266174316406,12754.877540588379,12779.11051940918,12513.5874710083,11785.376235961914,11234.60832977295,10874.357902526855,10194.910743713379,9610.914924621582,9322.808135986328,9171.697135925293
10695.931480407715,10445.21174621582,10146.855949401855,10143.084213256836,10080.840293884277,9814.228370666504,9941.41039276123,10121.125190734863,10674.43637084961,11223.36368560791,11754.70514678955,12088.948097229004,12021.98779296875,11621.40926361084,11657.225898742676,12361.177627563477,13363.262214660645,13571.147552490234,13259.462524414062,12725.762557983398,12373.910438537598,12143.287063598633,11439.438606262207,11076.907371520996,10715.538070678711,10559.864364624023,10572.30558013916,10849.23828125,11435.62784576416,12548.29606628418,13804.249069213867,14656.707695007324,15145.930351257324,15398.687828063965,15605.161193847656,15664.797828674316,15451.279800415039,15208.602508544922,15227.478141784668,15691.773651123047,16433.39167022705,16464.613456726074,16122.513412475586,15184.285591125488,14474.675926208496,14010.529083251953,13135.128997802734,12382.708419799805,12011.511459350586,11816.819953918457
7096.641426086426,6930.291442871094,6732.33544921875,6729.832931518555,6688.534736633301,6511.640419006348,6596.0244140625,6715.263336181641,7082.379676818848,7446.587333679199,7799.126991271973,8020.893760681152,7976.466285705566,7710.6865310668945,7734.45051574707,8201.515296936035,8866.388191223145,9004.317970275879,8797.518180847168,8443.413703918457,8209.963401794434,8056.947128295898,7589.950843811035,7349.415077209473,7109.650245666504,7006.3623046875,7014.616943359375,7198.358955383301,7587.422454833984,8325.666488647461,9158.978469848633,9724.576095581055,10049.170295715332,10216.872329711914,10353.865310668945,10393.43359375,10251.766578674316,10090.752670288086,10103.276481628418,10411.331809997559,10903.387771606445,10924.103118896484,10697.123229980469,10074.618659973145,9603.799850463867,9295.843162536621,8715.024154663086,8215.800750732422,7969.515350341797,7840.339515686035
4239.837677001953,4140.453071594238,4022.1856689453125,4020.690559387207,3996.0172271728516,3890.3330001831055,3940.7475967407227,4011.986038208008,4231.317070007324,4448.910354614258,4659.53263092041,4792.025611877441,4765.482727050781,4606.694519042969,4620.892112731934,4899.936653137207,5297.160232543945,5379.565368652344,5256.014320373535,5044.457122802734,4904.983901977539,4813.565414428711,4534.561836242676,4390.85546875,4247.609672546387,4185.90104675293,4190.832717895508,4300.608062744141,4533.0512619018555,4974.109886169434,5471.966178894043,5809.878433227539,6003.8049392700195,6103.997299194336,6185.842750549316,6209.482559204102,6124.844612121582,6028.647994995117,6036.130264282227,6220.17569732666,6514.15104675293,6526.52725982666,6390.919769287109,6019.008827209473,5737.721542358398,5553.7349853515625,5206.72883605957,4908.471405029297,4761.329940795898,4684.15478515625
7817.692977905273,7634.441055297852,7416.371803283691,7413.615036010742,7368.1207275390625,7173.253143310547,7266.2109451293945,7397.565086364746,7801.982139587402,8203.19497680664,8591.55428314209,8835.853622436523,8786.912078857422,8494.127868652344,8520.306381225586,9034.827110290527,9767.254188537598,9919.198257446289,9691.386611938477,9301.303489685059,9044.13355255127,8875.570137023926,8361.124900817871,8096.149574279785,7832.023536682129,7718.241065979004,7727.334403991699,7929.745475769043,8358.339599609375,9171.59260559082,10089.57299041748,10712.637886047363,11070.212387084961,11254.953720092773,11405.865821838379,11449.454444885254,11293.393356323242,11116.019721984863,11129.815994262695,11469.171173095703,12011.222343444824,12034.0424118042,11784.000312805176,11098.246421813965,10579.5902633667,10240.343719482422,9600.51081085205,9050.564041137695,8779.254898071289,8636.954231262207
4307.447074890137,4206.4776611328125,4086.324317932129,4084.805374145508,4059.738624572754,3952.3691177368164,4003.5876388549805,4075.962074279785,4298.790603637695,4519.853660583496,4733.834579467773,4868.440330505371,4841.474212646484,4680.15389251709,4694.5778884887695,4978.072128295898,5381.629905700684,5465.349136352539,5339.827896118164,5124.897155761719,4983.199890136719,4890.323623657227,4606.870994567871,4460.8730392456055,4315.343002319336,4252.650352478027,4257.660682678223,4369.1865234375,4605.336318969727,5053.42813873291,5559.223388671875,5902.524032592773,6099.542922973633,6201.332992553711,6284.483596801758,6308.500358581543,6222.512756347656,6124.782180786133,6132.383750915527,6319.364013671875,6618.027137756348,6630.600723266602,6492.830787658691,6114.989326477051,5829.2165451049805,5642.296112060547,5289.756477355957,4986.742988586426,4837.255180358887,4758.8493576049805
2331.117301940918,2254.875602722168,2182.098114013672,2123.8775482177734,2140.188247680664,2215.5927734375,2258.217124938965,2336.530158996582,2450.8205642700195,2597.2055435180664,2678.780731201172,2726.9406127929688,2698.9309463500977,2678.4126510620117,2753.2325897216797,2947.207290649414,3172.4610290527344,3077.4259033203125,2898.376235961914,2749.761161804199,2599.031463623047,2435.491386413574,2308.2823333740234,2210.8006134033203,2125.082794189453,2114.8272705078125,2142.3245162963867,2173.841697692871,2319.6204376220703,2655.743667602539,3067.2064666748047,3321.3503341674805,3421.1343307495117,3511.1679458618164,3521.4090728759766,3492.843681335449,3448.992431640625,3485.4461364746094,3482.8407440185547,3596.4383239746094,3775.228172302246,3694.8221893310547,3411.2829360961914,3234.52108001709,3006.6619720458984,2842.02490234375,2616.2948455810547,2476.390853881836,2410.4263305664062,2377.3718795776367
898.862678527832,869.4644012451172,841.4019012451172,818.9524612426758,825.2417526245117,854.3172225952148,870.7528686523438,900.9498291015625,945.0194244384766,1001.4644546508789,1032.9192810058594,1051.4893951416016,1040.689064025879,1032.77734375,1061.6274032592773,1136.4226989746094,1223.2789764404297,1186.6340942382812,1117.5937805175781,1060.2888412475586,1002.1685256958008,939.1085968017578,890.0576629638672,852.4693908691406,819.4171981811523,815.4627304077148,826.0654830932617,838.2182922363281,894.4295654296875,1024.0363464355469,1182.6935501098633,1280.6896667480469,1319.1656799316406,1353.8820343017578,1357.8309326171875,1346.8163146972656,1329.907569885254,1343.9638671875,1342.9592514038086,1386.7616806030273,1455.7018203735352,1424.6978225708008,1315.3670501708984,1247.2089080810547,1159.3480224609375,1095.8650970458984,1008.8251495361328,954.8791427612305,929.4436798095703,916.698112487793
779.0999908447266,759.2000045776367,743.3000106811523,730.4000015258789,747.4999923706055,759.6999893188477,768.8999938964844,775.9000015258789,818.6999893188477,831.9999923706055,849.1999969482422,866.1999969482422,866.0,909.5000076293945,969.0,961.3999938964844,960.5,946.5000152587891,929.7999877929688,899.5,852.3000030517578,810.6000061035156,770.0,734.7999954223633,712.7000122070312,704.8000030517578,703.8000030517578,725.1999893188477,808.8999938964844,916.2000045776367,1032.5000076293945,1070.8999938964844,1095.2999954223633,1101.499984741211,1103.5,1108.1000061035156,1106.3000030517578,1130.5,1165.099998474121,1142.2999954223633,1116.599998474121,1079.4999923706055,1046.3999938964844,995.6999969482422,927.8000030517578,866.9999923706055,808.5,781.4000015258789,770.0,757.3000030517578
21253.2472076416,20034.364532470703,18899.87343597412,18182.545196533203,17930.329483032227,18156.652313232422,18533.537368774414,18469.284698486328,19187.571899414062,20897.460021972656,22221.832122802734,22793.393112182617,23324.67635345459,23289.19354248047,22103.875762939453,21682.876983642578,22147.98950958252,24297.097282409668,25517.89793395996,26424.14817047119,26715.68263244629,25899.577919006348,23760.06014251709,21499.708923339844,19717.896186828613,18575.733154296875,18017.598052978516,18063.62979888916,18821.23589324951,21332.84375,24780.43074798584,27810.855018615723,30399.182495117188,31923.98454284668,32322.926460266113,32093.726654052734,32125.37345123291,31361.05443572998,30445.21425628662,30127.78687286377,30336.84775543213,31783.01222229004,32236.61692047119,32576.1011428833,32274.976692199707,30286.02109527588,27458.903778076172,24948.254890441895,22845.178886413574,21416.276359558105
908.7528381347656,856.6354751586914,808.1265716552734,777.4548187255859,766.6705093383789,776.3476791381836,792.4626541137695,789.7153244018555,820.4280624389648,893.5399703979492,950.1678924560547,974.6068649291992,997.3236312866211,995.8064498901367,945.124267578125,927.1230697631836,947.010498046875,1038.902702331543,1091.1020812988281,1129.8517990112305,1142.3173217773438,1107.4220581054688,1015.9399032592773,919.2911148071289,843.1038284301758,794.2668762207031,770.4019622802734,772.3702011108398,804.7641525268555,912.15625,1059.569221496582,1189.1450271606445,1299.817527770996,1365.0154876708984,1382.0735626220703,1372.2733688354492,1373.6265258789062,1340.945541381836,1301.7857666015625,1288.2131118774414,1297.1522064208984,1358.9877395629883,1378.3831024169922,1392.8988800048828,1380.0233154296875,1294.9789428710938,1174.0961990356445,1066.745101928711,976.8211364746094,915.7236785888672
9237.400016784668,9141.199989318848,9148.699966430664,9206.300010681152,9432.300010681152,9419.199996948242,9558.199996948242,9522.300003051758,9577.999992370605,9680.600006103516,9676.900001525879,9684.299995422363,9774.800010681152,10113.000007629395,10327.999984741211,10374.0,10399.999984741211,10315.000030517578,10080.0,9674.300003051758,9879.0,9674.700004577637,9314.799995422363,8977.399993896484,8783.200019836426,8633.599998474121,8681.500022888184,8906.999984741211,9556.999984741211,9945.800003051758,10290.0,10237.000007629395,10201.999969482422,10182.0,10218.000015258789,10196.0,10186.000022888184,10392.000007629395,10501.000007629395,10518.999992370605,10447.000007629395,10416.0,10240.0,9895.899993896484,9990.699996948242,9786.20002746582,9326.5,8949.5,8806.700004577637,8758.800010681152
7424.499870300293,7244.596076965332,6869.149787902832,6616.226257324219,6577.3059005737305,6603.762344360352,6630.571510314941,6602.704071044922,6674.783187866211,6880.085159301758,7083.623352050781,7403.805030822754,7300.330993652344,6993.553871154785,6808.123626708984,6816.354530334473,7169.342185974121,7550.432502746582,7667.311172485352,7480.352333068848,7240.598205566406,7339.604072570801,7427.792221069336,7118.07551574707,6867.973991394043,6714.87939453125,6446.552291870117,6369.887413024902,6606.584365844727,7018.246543884277,7442.607818603516,7787.482200622559,8038.406814575195,8182.094688415527,8280.512634277344,8438.545768737793,8267.22565460205,8003.131561279297,7757.850997924805,7680.12784576416,7963.505729675293,8240.651611328125,8231.597640991211,7817.81893157959,7432.965911865234,7485.878807067871,7590.999053955078,7228.487030029297,6945.9322509765625,6768.497772216797
7118.2248458862305,6945.7424392700195,6585.784042358398,6343.294082641602,6305.979293823242,6331.344337463379,6357.0475997924805,6330.329742431641,6399.435447692871,6596.2683181762695,6791.410179138184,7098.383758544922,6999.178184509277,6705.056213378906,6527.275314331055,6535.166679382324,6873.592926025391,7238.962547302246,7351.019752502441,7171.773338317871,6941.90950012207,7036.831192016602,7121.381378173828,6824.441116333008,6584.6567459106445,6437.877578735352,6180.619522094727,6107.117210388184,6334.049957275391,6728.730278015137,7135.585845947266,7466.23348236084,7706.806968688965,7844.567428588867,7938.92546081543,8090.439399719238,7926.1865234375,7672.986915588379,7437.824607849121,7363.3077392578125,7634.995666503906,7900.708770751953,7892.028266906738,7495.318740844727,7126.3416748046875,7177.071807861328,7277.85563659668,6930.297966003418,6659.399116516113,6489.284103393555
18078.08726501465,17640.03540802002,16725.852516174316,16110.00308227539,16015.234985351562,16079.654388427734,16144.932708740234,16077.0775680542,16252.584648132324,16752.479209899902,17248.079109191895,18027.696968078613,17775.745559692383,17028.766876220703,16577.25845336914,16597.300064086914,17456.797966003418,18384.723609924316,18669.31423187256,18214.08380126953,17630.300872802734,17871.372596740723,18086.103881835938,17331.967475891113,16722.989433288574,16350.215866088867,15696.859970092773,15510.186889648438,16086.525772094727,17088.891639709473,18122.178733825684,18961.92140197754,19572.903594970703,19922.772499084473,20162.412635803223,20547.21118927002,20130.05979156494,19487.01107788086,18889.77163696289,18700.52180480957,19390.525131225586,20065.35408782959,20043.308395385742,19035.78897857666,18098.701454162598,18227.540298461914,18483.5,17600.811126708984,16912.811897277832,16480.77252960205
10686.378143310547,10427.43547821045,9887.040725708008,9522.997779846191,9466.978141784668,9505.057929992676,9543.645500183105,9503.534782409668,9607.281089782715,9902.780372619629,10195.74104309082,10656.591285705566,10507.656929016113,10066.10041809082,9799.203323364258,9811.050354003906,10319.119567871094,10867.63801574707,11035.86614227295,10766.76887512207,10421.681198120117,10564.184280395508,10691.11695098877,10245.329368591309,9885.348289489746,9664.993156433105,9278.779304504395,9168.432472229004,9509.119819641113,10101.641593933105,10712.441665649414,11208.833114624023,11569.99887084961,11776.814544677734,11918.471412658691,12145.934791564941,11899.346893310547,11519.22582244873,11166.183685302734,11054.313682556152,11462.190742492676,11861.097839355469,11848.066101074219,11252.497940063477,10698.563690185547,10774.723304748535,10926.027099609375,10404.249099731445,9997.556777954102,9742.168235778809
19656.03791809082,19179.75057220459,18185.77303314209,17516.168983459473,17413.129020690918,17483.171340942383,17554.14747619629,17480.369598388672,17671.195877075195,18214.72385406494,18753.582328796387,19601.249351501465,19327.306259155273,18515.12728881836,18024.208862304688,18045.99977874756,18980.519248962402,19989.43910217285,20298.870292663574,19803.904960632324,19169.16641998291,19431.280128479004,19664.754302978516,18844.79290008545,18182.660041809082,17777.348823547363,17066.964653015137,16863.997703552246,17490.642463684082,18580.50009918213,19703.97801208496,20617.017807006836,21281.329750061035,21661.73708343506,21922.29426574707,22340.68003845215,21887.117485046387,21187.94007873535,20538.570457458496,20332.801872253418,21083.032287597656,21816.763954162598,21792.793899536133,20697.33292388916,19678.451461791992,19818.536018371582,20096.83724975586,19137.102577209473,18389.051246643066,17919.301147460938
178.77191162109375,174.44007110595703,165.39983367919922,159.30977630615234,158.37262725830078,159.00965881347656,159.65518951416016,158.98418426513672,160.7197494506836,165.66313934326172,170.5640640258789,178.2736053466797,175.78208923339844,168.39531707763672,163.93040466308594,164.12859344482422,172.62805938720703,181.80419921875,184.61847686767578,180.11676025390625,174.34381103515625,176.7277374267578,178.85118865966797,171.3936309814453,165.37152099609375,161.68521118164062,155.22425842285156,153.3782730102539,159.0776138305664,168.98988342285156,179.20792388916016,187.51203155517578,193.55396270751953,197.0137710571289,199.383544921875,203.1887664794922,199.06360626220703,192.70458221435547,186.79855346679688,184.92708587646484,191.7504425048828,198.42374420166016,198.2057342529297,188.24250030517578,178.97576141357422,180.2498321533203,182.78099060058594,174.05218505859375,167.24864959716797,162.97626495361328
22784.900566101074,22260.833290100098,21037.766662597656,19079.256477355957,17763.257194519043,17996.13547515869,19592.3904876709,20657.653869628906,21660.233192443848,23615.827796936035,25686.950508117676,27203.39279937744,28250.069618225098,28572.600593566895,28743.15934753418,29283.26205444336,30793.873237609863,31535.512329101562,29891.150939941406,28608.315856933594,27434.084442138672,25214.63395690918,22304.566276550293,20035.187255859375,19653.616661071777,18546.806983947754,16623.64769744873,15329.150451660156,14451.21019744873,15933.759376525879,19053.745513916016,22096.47004699707,24657.402488708496,27417.32014465332,28352.477737426758,29196.889404296875,29794.93832397461,29252.284538269043,29474.594032287598,29662.645965576172,32932.053215026855,34101.91143798828,32020.58433532715,31165.968338012695,29277.795433044434,26049.570114135742,22291.810821533203,19947.356819152832,19101.851844787598,18278.57788848877
8509.582565307617,8313.856727600098,7857.072334289551,7125.618499755859,6634.126106262207,6721.100242614746,7317.261032104492,7715.1098709106445,8089.5478515625,8819.91283416748,9593.424644470215,10159.777374267578,10550.684631347656,10671.14175415039,10734.841110229492,10936.555793762207,11500.730773925781,11777.71411895752,11163.586860656738,10684.480514526367,10245.934860229492,9417.026359558105,8330.189888000488,7482.634384155273,7340.12744140625,6926.762100219727,6208.5108642578125,5725.048980712891,5397.160537719727,5950.8551025390625,7116.090797424316,8252.47127532959,9208.914558410645,10239.673767089844,10588.93147277832,10904.297790527344,11127.653900146484,10924.986473083496,11008.013381958008,11078.246078491211,12299.286735534668,12736.199104309082,11958.876243591309,11639.698844909668,10934.514152526855,9728.85385131836,8325.426063537598,7449.8319091796875,7134.057273864746,6826.585304260254
886.2292022705078,865.8453750610352,818.2736358642578,742.0964813232422,690.9100723266602,699.9679870605469,762.055061340332,803.4889831542969,842.4847640991211,918.5485153198242,999.1057968139648,1058.0885162353516,1098.7994918823242,1111.344467163086,1117.9784393310547,1138.985984802246,1197.7418975830078,1226.588279724121,1162.6300964355469,1112.733642578125,1067.0613708496094,980.7348251342773,867.5463943481445,779.2778549194336,764.4364852905273,721.3866271972656,646.5844345092773,596.2343826293945,562.0864791870117,619.7509307861328,741.1042251586914,859.4523849487305,959.0610275268555,1066.409309387207,1102.7826919555664,1135.626480102539,1158.8878707885742,1137.781105041504,1146.4279251098633,1153.742301940918,1280.9074020385742,1326.4095764160156,1245.4553985595703,1212.214714050293,1138.7733535766602,1013.2100372314453,867.0502548217773,775.8616409301758,742.9753494262695,710.9537124633789
5219.169990539551,4910.209999084473,4677.460006713867,4571.970008850098,4629.669998168945,4720.0000076293945,4909.099983215332,5404.7399826049805,5983.889991760254,6549.0200119018555,6656.940002441406,6326.149993896484,5740.07999420166,5721.830001831055,5812.959991455078,5984.309997558594,6424.169990539551,6448.519996643066,6425.149993896484,6232.869987487793,5918.650001525879,5613.050003051758,5101.760009765625,4624.610015869141,4505.31999206543,4321.269989013672,4203.240005493164,4241.769989013672,4631.4899978637695,5158.2500076293945,5741.290008544922,6474.42000579834,6958.030014038086,7147.279998779297,7320.25,7324.180000305176,7111.339988708496,7185.889991760254,7107.150009155273,7232.519981384277,7628.550010681152,7625.699989318848,7493.569984436035,7090.449996948242,6500.059997558594,6186.57999420166,5606.540008544922,5036.410011291504,4947.319999694824,4741.929992675781
1736.0,1631.0000076293945,1557.0000076293945,1513.0,1507.9999923706055,1548.0,1550.9999923706055,1664.0,1817.000015258789,1926.0,1983.9999923706055,1952.0000076293945,1852.0,1775.9999923706055,1750.0,1889.0000076293945,2114.0000076293945,2151.0,2174.9999923706055,2168.9999923706055,2169.9999923706055,2069.9999923706055,1868.0,1664.0,1518.000015258789,1446.9999923706055,1427.0000076293945,1457.0000076293945,1575.999984741211,1857.0,2069.0,2247.9999923706055,2327.0000076293945,2310.0000076293945,2300.0,2267.0,2205.0,2153.0000076293945,2123.0000076293945,2260.0,2472.9999923706055,2479.0,2502.9999923706055,2434.0000076293945,2371.0,2257.0000076293945,2050.9999923706055,1806.0,1646.0,1556.0
4054.1433334350586,3809.8850021362305,3610.1550064086914,3551.787498474121,3570.1175079345703,3657.3674926757812,3709.6750106811523,3779.262496948242,3871.719985961914,3920.2024993896484,3986.8300170898438,4045.4350051879883,4055.297477722168,4143.809989929199,4264.352508544922,4627.732498168945,4781.092498779297,4756.427505493164,4767.694999694824,4685.26749420166,4532.932479858398,4357.634994506836,4139.550010681152,3866.4750061035156,3745.0824966430664,3606.495002746582,3572.687515258789,3697.664993286133,4016.3000106811523,4563.440010070801,4886.2974853515625,5074.832504272461,5182.297508239746,5220.217506408691,5264.5625,5326.384986877441,5331.357498168945,5375.1350021362305,5475.892509460449,5682.342498779297,5694.917503356934,5612.592506408691,5537.7500076293945,5389.53498840332,4483.337501525879,4907.195007324219,4843.329986572266,4518.037498474121,4308.964996337891,4117.620010375977
2972.6899795532227,2848.3600006103516,2677.154998779297,2524.3950119018555,2466.510009765625,2409.5400314331055,2429.0399856567383,2480.349998474121,2520.1600036621094,2611.9699783325195,2866.5700149536133,3102.859992980957,3294.474983215332,3374.6250076293945,3324.1749877929688,3278.7550048828125,3458.2800064086914,3766.825019836426,3782.930000305176,3630.6650009155273,3522.285011291504,3355.6999893188477,3147.090019226074,3014.6650161743164,2844.640022277832,2581.845001220703,2413.085006713867,2337.5549926757812,2360.17000579834,2376.465003967285,2591.9850006103516,2941.22501373291,3236.534996032715,3528.8600158691406,3735.355010986328,3899.0300064086914,4041.925003051758,4034.334991455078,3936.6250076293945,3941.425003051758,4050.77498626709,4361.900009155273,4345.785003662109,4101.850006103516,3887.354995727539,3640.4100036621094,3411.2799911499023,3275.10001373291,3097.855010986328,2902.1350021362305
15269.473815917969,14367.850425720215,13572.550598144531,13196.874198913574,13325.171241760254,13956.732902526855,14369.268096923828,14579.079864501953,15306.332618713379,16149.832458496094,16934.5,17062.797073364258,16385.8706741333,15846.456062316895,16177.47663116455,17126.591148376465,19621.649559020996,20307.790649414062,20624.63468170166,20189.417121887207,19200.60845184326,17801.391075134277,16030.750221252441,14610.268074035645,13551.28588104248,12973.594818115234,12846.006614685059,13128.827163696289,14147.406394958496,16880.629470825195,19805.943618774414,22432.84317779541,24056.757606506348,24019.898780822754,23626.50180053711,22813.48139190674,22335.734375,22680.22257232666,23325.960662841797,24355.172286987305,26601.43366241455,26585.83950805664,26162.671981811523,24711.71044921875,22906.33723449707,20538.158233642578,18340.8056640625,16288.761878967285,15027.765083312988,14328.86516571045
6190.876327514648,5825.320930480957,5502.873497009277,5350.558708190918,5402.575637817383,5658.63688659668,5825.895706176758,5910.962020874023,6205.8204345703125,6547.8101806640625,6865.946823120117,6917.963752746582,6643.509819030762,6424.8088302612305,6559.018249511719,6943.828536987305,7955.428405761719,8233.618362426758,8362.080062866211,8185.6248779296875,7784.7209548950195,7217.420303344727,6499.529251098633,5923.607070922852,5494.251884460449,5260.032005310059,5208.302444458008,5322.969650268555,5735.943794250488,6844.10546875,8030.148872375488,9095.202613830566,9753.604713439941,9738.660621643066,9579.161186218262,9249.529083251953,9055.830673217773,9195.500465393066,9457.309379577637,9874.594375610352,10785.321617126465,10778.999145507812,10607.429496765137,10019.14966583252,9287.176666259766,8327.018966674805,7436.121315002441,6604.137893676758,6092.877632141113,5809.514678955078
81.64982604980469,76.82860565185547,72.575927734375,70.56709289550781,71.25312805175781,74.63025665283203,76.83618927001953,77.95809936523438,81.84690856933594,86.3573226928711,90.55314636230469,91.23917388916016,87.61947631835938,84.73509216308594,86.50514221191406,91.5802993774414,104.9220199584961,108.59099578857422,110.28524017333984,107.95802307128906,102.67060852050781,95.18862915039062,85.72055053710938,78.1248779296875,72.46222686767578,69.37316131591797,68.69091033935547,70.2032241821289,75.64983367919922,90.26509094238281,105.90750122070312,119.9542007446289,128.6376953125,128.4405975341797,126.33699798583984,121.98957061767578,119.43492889404297,121.2770004272461,124.72993469238281,130.23339080810547,142.2447280883789,142.16134643554688,139.8985595703125,132.139892578125,122.48609161376953,109.82283020019531,98.0730209350586,87.10021209716797,80.35733795166016,76.6201400756836
1069.2900085449219,1031.0600051879883,1011.5800018310547,1031.1799926757812,1056.0699996948242,1076.8800048828125,1092.370002746582,1113.3099899291992,1159.629997253418,1207.6800003051758,1231.8099899291992,1240.740005493164,1247.9599990844727,1258.9800109863281,1356.9900131225586,1409.5499954223633,1407.6800003051758,1389.0599975585938,1363.6399993896484,1306.3300018310547,1208.389991760254,1109.7000122070312,1033.7799758911133,975.1300048828125,951.3399963378906,933.1700134277344,945.5200042724609,1000.4300155639648,1185.4800033569336,1368.1299896240234,1499.6399993896484,1564.370002746582,1614.6399993896484,1635.7999954223633,1632.280014038086,1643.9700012207031,1636.6999969482422,1629.4200134277344,1687.2099990844727,1706.6700057983398,1670.490005493164,1613.4899978637695,1566.0599975585938,1495.4799880981445,1380.390007019043,1252.9599990844727,1167.9999923706055,1120.150001525879,1090.7100067138672,1075.3499908447266
445.69334411621094,430.82249450683594,422.02750396728516,416.7574996948242,420.44749450683594,422.67750549316406,437.3675079345703,441.9699935913086,446.2900085449219,462.9225082397461,489.8725128173828,503.51499938964844,499.91500091552734,492.0025100708008,486.8475036621094,498.3475036621094,529.1875,540.9649963378906,533.4474945068359,513.3699951171875,492.7374954223633,496.9824981689453,478.51000213623047,457.13250732421875,434.35499572753906,426.6225051879883,423.23748779296875,432.7274932861328,459.7649917602539,505.5800094604492,566.3474960327148,610.6350021362305,631.3149948120117,648.1100006103516,667.7175064086914,667.942497253418,652.2024917602539,635.4724960327148,624.5524978637695,633.8125,654.754997253418,658.635009765625,641.0224914550781,597.0875015258789,557.6624908447266,543.0675048828125,513.870002746582,481.4599914550781,461.04498291015625,448.0874938964844
633.0,607.0000076293945,594.9999923706055,595.9999923706055,612.0000076293945,629.0000076293945,631.9999923706055,637.0,676.9999923706055,712.0,723.0000076293945,729.0,726.0000076293945,744.0,814.0,832.9999847412109,831.0000076293945,817.9999923706055,809.0,780.0,719.0,663.9999847412109,621.0,589.0000076293945,572.0,560.0,567.0,603.0000076293945,688.9999923706055,804.0,894.0000076293945,923.0000076293945,953.0,965.0,954.0000076293945,963.9999847412109,959.0000076293945,974.0000076293945,1014.0,1011.0,992.9999847412109,960.9999923706055,925.0,878.0,805.0000076293945,740.9999923706055,673.9999923706055,638.9999847412109,618.0000076293945,614.0
427.0,394.99999237060547,366.99999237060547,351.0,344.0,344.0,346.00000762939453,379.0,416.0,440.0,445.0,439.0,427.0,418.0,420.0,450.0,474.0,477.0,477.0,471.0,466.00000762939453,445.0,434.0,407.00000762939453,377.99999237060547,351.99999237060547,335.0,324.0,327.0,336.99999237060547,357.0,396.0,431.0,447.0,444.0,434.0,424.99999237060547,419.0,424.00000762939453,455.99999237060547,483.00000762939453,485.0,487.99999237060547,486.00000762939453,476.0,461.0,452.00000762939453,416.0,375.0,349.0
997.0,945.0,879.0,829.0,811.0,811.0,775.0,806.0,858.0,908.0000076293945,950.0,960.0,961.0,1068.9999923706055,1078.9999923706055,1057.0,1073.999984741211,1060.9999923706055,1057.0,1039.0000076293945,1028.0000076293945,1133.0,1097.9999923706055,996.0,894.0000076293945,856.9999923706055,813.9999923706055,806.0,815.0,879.0,918.0,959.0,1060.9999923706055,1089.9999923706055,1090.9999923706055,1076.9999923706055,1068.9999923706055,1189.0,1189.9999923706055,1155.0000076293945,1172.0000076293945,1155.0000076293945,1139.0,1107.0000076293945,1093.9999923706055,1204.9999923706055,1205.9999923706055,1109.0,1003.0,907.0000076293945
11171.730010986328,10984.054985046387,10686.042503356934,10489.322494506836,10579.912498474121,10781.377494812012,11091.29500579834,11393.192497253418,11710.439994812012,12173.557518005371,12466.270004272461,12610.51750946045,12679.28500366211,12794.400001525879,12970.057487487793,13356.35498046875,14214.062507629395,13744.549987792969,13611.587516784668,13263.952491760254,12722.85750579834,12136.319999694824,11475.565002441406,11059.987480163574,10803.822486877441,10597.257499694824,10526.452491760254,10653.344993591309,11112.002517700195,12075.054992675781,13448.814979553223,14775.272514343262,15609.605018615723,15922.254997253418,16035.137504577637,16031.56999206543,16104.742485046387,16071.840003967285,16039.477508544922,16281.81999206543,16839.280014038086,16056.554977416992,15423.572486877441,14746.58000946045,13896.297523498535,12989.53500366211,12225.589981079102,11602.945007324219,11247.217491149902,10976.674987792969
15786.890007019043,15532.000015258789,15426.539993286133,15321.060005187988,15248.269973754883,15454.120010375977,15880.39998626709,16240.530006408691,16472.340003967285,16792.369995117188,17192.18999481201,17295.679985046387,17366.78000640869,17581.859985351562,17963.40998840332,18086.039993286133,17908.369987487793,17644.950004577637,17545.269989013672,17217.28998565674,16827.71002960205,16419.560012817383,15878.130004882812,15343.08000946045,15165.569999694824,15151.960006713867,15135.919998168945,15136.979995727539,15579.770004272461,16654.17999267578,17794.649993896484,18279.699996948242,18311.150009155273,18385.81999206543,18232.319999694824,18188.119995117188,18235.749992370605,18373.970001220703,18568.64998626709,18817.550003051758,18417.880027770996,18221.880004882812,17934.630027770996,17416.870002746582,17110.849975585938,16613.620010375977,16055.26000213623,15563.989990234375,15278.690002441406,14987.959983825684
14053.130012512207,13563.779983520508,13111.759986877441,12942.729988098145,12969.750022888184,13124.849990844727,13035.929985046387,12978.09001159668,13482.55997467041,14094.810043334961,14645.189964294434,15126.639991760254,15676.050018310547,15778.699974060059,15864.66000366211,17042.989952087402,17353.36001586914,17432.140029907227,17496.409965515137,17222.5,16506.929969787598,15782.589973449707,14801.139991760254,13978.000007629395,13548.889991760254,13335.449989318848,13273.14998626709,13678.600021362305,14682.0,17356.050018310547,19425.86001586914,20505.350036621094,21299.489990234375,21491.2900390625,21542.880004882812,21550.590003967285,21820.55002593994,21644.390007019043,21687.63996887207,22766.5599899292,22698.689979553223,22517.36001586914,22337.859977722168,21805.57997894287,20555.490005493164,19283.800018310547,18067.36001586914,16949.150024414062,16369.190002441406,16036.39998626709
4971.39998626709,4806.200035095215,4549.800033569336,4296.599998474121,4122.299987792969,4034.4999923706055,4026.1000061035156,3953.399971008301,3947.700019836426,4295.099983215332,4712.0,5079.599998474121,5252.900009155273,5004.0000076293945,4761.800018310547,4715.799987792969,4797.899993896484,5442.099990844727,6069.899993896484,6258.0000076293945,6304.5,6129.0,5782.5000076293945,5216.60001373291,4813.500015258789,4465.099998474121,4253.400001525879,4143.899993896484,4115.0000076293945,4219.9999923706055,4581.399993896484,5120.700012207031,5937.300003051758,6625.900001525879,6989.200004577637,7277.199989318848,7322.700019836426,7281.600006103516,7395.0999755859375,7322.999969482422,7343.200012207031,7587.799987792969,7895.700004577637,8014.599990844727,7852.200019836426,7503.300025939941,7067.400016784668,6296.900001525879,5666.799995422363,5182.400001525879
5796.0000076293945,5621.000030517578,5523.0000076293945,5483.999984741211,5455.9999923706055,5453.0000076293945,5427.999977111816,5492.999984741211,5532.999984741211,5566.0,5595.9999923706055,5611.000015258789,5616.0,5693.9999923706055,5925.0,6526.000015258789,6650.9999923706055,6655.0,6552.9999923706055,6355.0000076293945,6098.0,5827.000022888184,5567.0000076293945,5386.999984741211,5287.0000076293945,5233.999984741211,5254.000015258789,5339.999977111816,5495.0,5686.000022888184,5959.000022888184,6234.999984741211,6368.0,6379.000030517578,6340.0,6306.0,6233.0000076293945,6257.9999923706055,6509.999984741211,7104.0000076293945,7129.999984741211,7115.000022888184,6971.0,6757.0,6398.999984741211,6023.0,5757.0,5544.0000076293945,5431.999984741211,5380.000022888184
5514.0,5289.9999923706055,4959.9999923706055,4714.999984741211,4480.9999923706055,4429.9999923706055,4370.0000076293945,4518.0000076293945,4863.0,5114.0,5232.0,5289.9999923706055,5237.0000076293945,5136.9999923706055,5134.000015258789,5459.0,5592.0000076293945,5597.999984741211,5593.0000076293945,5487.9999923706055,5497.0,5477.9999923706055,5530.9999923706055,5517.9999923706055,5243.0000076293945,4867.0,4606.0,4460.0,4440.0,4552.0,4697.000015258789,4990.999984741211,5332.000015258789,5429.0000076293945,5513.0000076293945,5446.0,5377.999984741211,5258.0,5249.0000076293945,5629.0000076293945,5829.9999923706055,5781.000015258789,5782.9999923706055,5730.000015258789,5657.0,5795.0,5816.0000076293945,5701.0,5310.0000076293945,4917.0
14860.000015258789,14594.999984741211,14203.999984741211,14262.999984741211,14256.999992370605,14453.000007629395,14888.000015258789,15327.000007629395,15501.999992370605,15971.999984741211,16400.000022888184,16539.999992370605,16733.99998474121,16879.000007629395,17390.999969482422,18043.00001525879,18139.999977111816,17732.000022888184,17425.000030517578,16945.0,16420.0,15635.999984741211,15063.000022888184,14549.000007629395,14297.000007629395,14233.000053405762,14405.000022888184,14555.000015258789,15104.0,16317.000007629395,17047.0,17795.0,18094.999992370605,18312.999992370605,18515.0,18608.999992370605,18631.999969482422,18718.0,19285.99998474121,19512.999977111816,19561.999977111816,19116.0,18563.00001525879,17907.999954223633,17157.999954223633,16358.999969482422,15520.000015258789,15228.000030517578,14901.0,14865.0
1068.4499969482422,1128.2399978637695,1099.3099975585938,1089.3899993896484,1115.5699996948242,1171.0400085449219,1213.509994506836,1266.629997253418,1323.3999938964844,1331.229995727539,1339.0299987792969,1311.8999938964844,1272.1799926757812,1248.9700012207031,1269.8100051879883,1338.129997253418,1444.349998474121,1511.1900024414062,1485.849998474121,1466.7800064086914,1403.1800003051758,1307.9200057983398,1194.2600021362305,1155.270004272461,1121.5299987792969,1111.5600051879883,1082.8100051879883,1089.1599960327148,1155.5800018310547,1232.6399993896484,1332.9999923706055,1431.8199996948242,1468.8600006103516,1497.650001525879,1472.0599975585938,1466.8199996948242,1410.25,1356.5400009155273,1398.0600051879883,1466.2900009155273,1554.6399993896484,1608.5800018310547,1634.7799987792969,1594.8100051879883,1532.0000076293945,1421.3100051879883,1308.5300064086914,1243.7099990844727,1203.2999954223633,1149.7699966430664
2700.9999923706055,2658.0000076293945,2573.999984741211,2570.0,2593.9999923706055,2626.0,2631.0,2698.0,2818.9999923706055,2905.9999923706055,3076.0000076293945,3031.0000076293945,3022.999984741211,3010.9999771118164,2940.0,3091.0,3139.0000076293945,3184.9999923706055,3161.0,3163.9999923706055,3060.0000076293945,2935.0,2811.0,2759.0,2654.0,2660.0000076293945,2653.0,2736.0000076293945,2901.0,3204.000015258789,3365.0000076293945,3523.0,3675.0,3639.000015258789,3748.0,3718.0000076293945,3740.999984741211,3735.0,3686.9999923706055,3816.9999923706055,3818.9999923706055,3792.999984741211,3736.0000076293945,3688.0,3545.9999923706055,3367.9999923706055,3213.9999923706055,3132.0,3005.0,3016.0
1170.8649978637695,1088.5600051879883,976.9199981689453,881.4599914550781,821.6600036621094,808.3200073242188,768.6900024414062,776.8100051879883,860.9599990844727,980.2099990844727,1052.3600006103516,1075.849998474121,1063.8899993896484,1044.5499954223633,1047.150001525879,1114.4999923706055,1107.729995727539,1087.650001525879,1092.4499969482422,1068.860008239746,1053.490005493164,1068.1900024414062,1056.3199920654297,1094.620002746582,1000.5500030517578,876.7299957275391,797.4199981689453,753.0399932861328,731.1999969482422,763.3499984741211,791.5199966430664,854.3699951171875,969.8299942016602,1085.0600051879883,1117.5100021362305,1109.7199935913086,1076.0800018310547,1038.9899978637695,1041.7400131225586,1120.6199951171875,1147.6900024414062,1141.75,1163.9199905395508,1150.7300033569336,1156.0600051879883,1177.990005493164,1140.9999923706055,1138.1800003051758,990.8699951171875,868.5800018310547
